tmdb_id,success,outer_fold,probability_success,threshold,prediction,title,release_year,budget,revenue,revenue_to_budget,error_type,distance_to_target_boundary
12,1,4,0.935804843902588,0.51,1,Finding Nemo,2003,94000000.0,940335536.0,10.003569531914891,correct,8.003569531914891
16,1,5,0.5333829522132874,0.57,0,Dancer in the Dark,2000,12500000.0,40061153.0,3.20489224,false_negative,1.20489224
22,1,3,0.9146358966827391,0.53,1,Pirates of the Caribbean: The Curse of the Black Pearl,2003,140000000.0,655011224.0,4.6786516,correct,2.6786516000000002
24,1,2,0.8413463830947876,0.54,1,Kill Bill: Vol. 1,2003,30000000.0,180906076.0,6.030202533333333,correct,4.030202533333333
27,0,3,0.3387166559696197,0.53,0,9 Songs,2004,1000000.0,1574623.0,1.574623,correct,0.4253769999999999
35,1,2,0.7443211078643799,0.54,1,The Simpsons Movie,2007,75000000.0,527068851.0,7.02758468,correct,5.02758468
38,1,5,0.7282518744468689,0.57,1,Eternal Sunshine of the Spotless Mind,2004,20000000.0,72258126.0,3.6129063,correct,1.6129063000000001
55,1,1,0.8296964764595032,0.56,1,Amores Perros,2000,2000000.0,20908467.0,10.4542335,correct,8.4542335
58,1,1,0.8416601419448853,0.56,1,Pirates of the Caribbean: Dead Man's Chest,2006,200000000.0,1066179747.0,5.330898735,correct,3.330898735
59,0,2,0.7279348969459534,0.54,1,A History of Violence,2005,32000000.0,61477797.0,1.92118115625,false_positive,0.07881884374999992
64,1,2,0.5674089789390564,0.54,1,Talk to Her,2002,6500000.0,64826117.0,9.97324876923077,correct,7.97324876923077
65,1,2,0.6119912266731262,0.54,1,8 Mile,2002,41000000.0,242875078.0,5.923782390243902,correct,3.923782390243902
69,1,2,0.7956778407096863,0.54,1,Walk the Line,2005,28000000.0,186800000.0,6.671428571428572,correct,4.671428571428572
70,1,4,0.8820298910140991,0.51,1,Million Dollar Baby,2004,30000000.0,216763646.0,7.225454866666666,correct,5.225454866666666
71,1,4,0.7273852825164795,0.51,1,Billy Elliot,2000,5000000.0,109280263.0,21.8560526,correct,19.8560526
74,1,1,0.7702585458755493,0.56,1,War of the Worlds,2005,132000000.0,603873119.0,4.574796356060606,correct,2.574796356060606
77,1,5,0.6574947237968445,0.57,1,Memento,2000,9000000.0,40060108.0,4.451123111111111,correct,2.4511231111111114
79,1,1,0.4349907040596008,0.56,0,Hero,2002,31000000.0,177394432.0,5.722401032258064,false_negative,3.7224010322580643
80,1,2,0.7302570939064026,0.54,1,Before Sunset,2004,2700000.0,15992615.0,5.923190740740741,correct,3.9231907407407407
82,0,5,0.284772127866745,0.57,0,Miami Vice,2006,135000000.0,163800000.0,1.2133333333333334,correct,0.7866666666666666
98,1,3,0.8587937355041504,0.53,1,Gladiator,2000,103000000.0,465516248.0,4.519575223300971,correct,2.519575223300971
107,0,2,0.463587999343872,0.54,0,Snatch,2000,100000000.0,83557872.0,0.83557872,correct,1.16442128
116,1,1,0.3623589873313904,0.56,0,Match Point,2005,15000000.0,85638656.0,5.7092437333333335,false_negative,3.7092437333333335
118,1,3,0.2376541495323181,0.53,0,Charlie and the Chocolate Factory,2005,150000000.0,475000000.0,3.1666666666666665,false_negative,1.1666666666666665
120,1,1,0.9716911911964417,0.56,1,The Lord of the Rings: The Fellowship of the Ring,2001,93000000.0,871368364.0,9.369552301075268,correct,7.369552301075268
121,1,5,0.8795859813690186,0.57,1,The Lord of the Rings: The Two Towers,2002,79000000.0,926287400.0,11.725156962025316,correct,9.725156962025316
122,1,5,0.9588873386383056,0.57,1,The Lord of the Rings: The Return of the King,2003,94000000.0,1118888979.0,11.903074244680852,correct,9.903074244680852
129,1,2,0.7794539332389832,0.54,1,Spirited Away,2001,19000000.0,274925095.0,14.469741842105265,correct,12.469741842105265
134,1,2,0.5683606863021851,0.54,1,"O Brother, Where Art Thou?",2000,26000000.0,71877090.0,2.7645034615384616,correct,0.7645034615384616
141,0,4,0.938764989376068,0.51,1,Donnie Darko,2001,4500000.0,7500000.0,1.6666666666666667,false_positive,0.33333333333333326
142,1,4,0.6990622878074646,0.51,1,Brokeback Mountain,2005,14000000.0,178043761.0,12.7174115,correct,10.7174115
146,1,5,0.8422779440879822,0.57,1,"Crouching Tiger, Hidden Dragon",2000,17000000.0,213978518.0,12.586971647058824,correct,10.586971647058824
153,1,1,0.8914266228675842,0.56,1,Lost in Translation,2003,4000000.0,119723856.0,29.930964,correct,27.930964
155,1,5,0.938817858695984,0.57,1,The Dark Knight,2008,185000000.0,1004558444.0,5.430045643243243,correct,3.4300456432432433
161,1,4,0.9412425756454468,0.51,1,Ocean's Eleven,2001,85000000.0,450717150.0,5.302554705882353,correct,3.3025547058823532
163,1,3,0.934127390384674,0.53,1,Ocean's Twelve,2004,110000000.0,362744280.0,3.2976752727272727,correct,1.2976752727272727
170,1,2,0.8643328547477722,0.54,1,28 Days Later,2002,8000000.0,82784517.0,10.348064625,correct,8.348064625
176,1,2,0.8151487112045288,0.54,1,Saw,2004,1200000.0,104045735.0,86.70477916666667,correct,84.70477916666667
180,1,3,0.6634466052055359,0.53,1,Minority Report,2002,102000000.0,358372926.0,3.5134600588235294,correct,1.5134600588235294
186,1,5,0.7740709781646729,0.57,1,Lucky Number Slevin,2006,27000000.0,56300000.0,2.085185185185185,correct,0.08518518518518503
187,1,3,0.9207718372344972,0.53,1,Sin City,2005,40000000.0,158733820.0,3.9683455,correct,1.9683454999999999
189,0,3,0.8851167559623718,0.53,1,Sin City: A Dame to Kill For,2014,65000000.0,39407616.0,0.6062710153846154,false_positive,1.3937289846153846
194,1,3,0.8994584679603577,0.53,1,Amélie,2001,10000000.0,173921954.0,17.3921954,correct,15.392195399999999
201,0,4,0.4748719930648803,0.51,0,Star Trek: Nemesis,2002,60000000.0,67336470.0,1.1222745,correct,0.8777254999999999
214,1,2,0.8436756730079651,0.54,1,Saw III,2006,10000000.0,164874275.0,16.4874275,correct,14.487427499999999
215,1,5,0.913833737373352,0.57,1,Saw II,2005,4000000.0,152925093.0,38.23127325,correct,36.23127325
217,1,2,0.8211749196052551,0.54,1,Indiana Jones and the Kingdom of the Crystal Skull,2008,185000000.0,786636033.0,4.252086664864865,correct,2.2520866648648648
254,1,3,0.5605412721633911,0.53,1,King Kong,2005,207000000.0,562363449.0,2.716731637681159,correct,0.7167316376811592
272,1,2,0.9580183625221252,0.54,1,Batman Begins,2005,150000000.0,374218673.0,2.4947911533333333,correct,0.49479115333333334
277,1,4,0.8804340362548828,0.51,1,Underworld,2003,22000000.0,95708457.0,4.350384409090909,correct,2.3503844090909087
285,1,3,0.7700591087341309,0.53,1,Pirates of the Caribbean: At World's End,2007,300000000.0,961691209.0,3.205637363333333,correct,1.205637363333333
296,1,5,0.659117579460144,0.57,1,Terminator 3: Rise of the Machines,2003,200000000.0,435000000.0,2.175,correct,0.17499999999999982
298,1,2,0.9052385091781616,0.54,1,Ocean's Thirteen,2007,85000000.0,311312624.0,3.6625014588235296,correct,1.6625014588235296
302,1,5,0.2738699615001678,0.57,0,Swimming Pool,2003,7800000.0,22441323.0,2.8770926923076923,false_negative,0.8770926923076923
310,1,3,0.9314151406288148,0.53,1,Bruce Almighty,2003,80000000.0,484592874.0,6.057410925,correct,4.057410925
314,0,5,0.3225957751274109,0.57,0,Catwoman,2004,100000000.0,82102379.0,0.82102379,correct,1.17897621
320,1,1,0.5233238339424133,0.56,0,Insomnia,2002,46000000.0,113714830.0,2.47206152173913,false_negative,0.4720615217391302
322,1,4,0.7210372090339661,0.51,1,Mystic River,2003,25000000.0,156800000.0,6.272,correct,4.272
326,0,2,0.3835863173007965,0.54,0,Snakes on a Plane,2006,33000000.0,62022014.0,1.8794549696969696,correct,0.12054503030303043
350,1,3,0.9534828066825868,0.53,1,The Devil Wears Prada,2006,35000000.0,326588371.0,9.331096314285714,correct,7.331096314285714
388,1,1,0.8463853597640991,0.56,1,Inside Man,2006,45000000.0,186003591.0,4.133413133333334,correct,2.1334131333333337
392,1,1,0.9471948742866516,0.56,1,Chocolat,2000,25000000.0,152700626.0,6.10802504,correct,4.10802504
393,1,1,0.9171607494354248,0.56,1,Kill Bill: Vol. 2,2004,30000000.0,152159461.0,5.071982033333334,correct,3.0719820333333336
395,1,3,0.8127561807632446,0.53,1,AVP: Alien vs. Predator,2004,70000000.0,177427090.0,2.534672714285714,correct,0.5346727142857142
411,1,4,0.8153895139694214,0.51,1,"The Chronicles of Narnia: The Lion, the Witch and the Wardrobe",2005,180000000.0,745013115.0,4.13896175,correct,2.13896175
423,1,5,0.6168393492698669,0.57,1,The Pianist,2002,35000000.0,120098945.0,3.4313984285714287,correct,1.4313984285714287
425,1,5,0.9648975729942322,0.57,1,Ice Age,2002,59000000.0,383257136.0,6.495883661016949,correct,4.495883661016949
435,1,4,0.8012983202934265,0.51,1,The Day After Tomorrow,2004,125000000.0,552639571.0,4.421116568,correct,2.4211165680000004
440,1,1,0.6703090071678162,0.56,1,Aliens vs Predator: Requiem,2007,40000000.0,130290885.0,3.257272125,correct,1.257272125
453,1,5,0.902206540107727,0.57,1,A Beautiful Mind,2001,58000000.0,316791257.0,5.461918224137931,correct,3.461918224137931
455,1,5,0.7963231801986694,0.57,1,Bend It Like Beckham,2002,3500000.0,76585951.0,21.881700285714285,correct,19.881700285714285
462,1,2,0.5717915892601013,0.54,1,Erin Brockovich,2000,52000000.0,256271286.0,4.928293961538461,correct,2.9282939615384613
503,0,3,0.3494461178779602,0.53,0,Poseidon,2006,160000000.0,181700000.0,1.135625,correct,0.8643749999999999
504,1,4,0.4072562158107757,0.51,0,Monster,2003,8000000.0,58469210.0,7.30865125,false_negative,5.30865125
508,1,1,0.6761454343795776,0.56,1,Love Actually,2003,40000000.0,250779876.0,6.2694969,correct,4.2694969
533,1,1,0.4522401392459869,0.56,0,Wallace & Gromit: The Curse of the Were-Rabbit,2005,30000000.0,192610372.0,6.420345733333333,false_negative,4.420345733333333
534,0,5,0.7360000610351562,0.57,1,Terminator Salvation,2009,200000000.0,371353001.0,1.856765005,false_positive,0.14323499500000003
553,0,5,0.6772348880767822,0.57,1,Dogville,2003,10000000.0,16690617.0,1.6690617,false_positive,0.3309382999999999
557,1,1,0.970970332622528,0.56,1,Spider-Man,2002,139000000.0,821708551.0,5.911572309352518,correct,3.9115723093525183
558,1,5,0.934425950050354,0.57,1,Spider-Man 2,2004,200000000.0,788976453.0,3.944882265,correct,1.944882265
559,1,1,0.6840096116065979,0.56,1,Spider-Man 3,2007,258000000.0,894983373.0,3.4689278023255814,correct,1.4689278023255814
561,1,4,0.6741752028465271,0.51,1,Constantine,2005,100000000.0,230900000.0,2.309,correct,0.30900000000000016
565,1,5,0.927102506160736,0.57,1,The Ring,2002,48000000.0,249348933.0,5.1947694375,correct,3.1947694374999998
582,1,5,0.7267891764640808,0.57,1,The Lives of Others,2006,2000000.0,77672685.0,38.8363425,correct,36.8363425
585,1,5,0.9391820430755616,0.57,1,"Monsters, Inc.",2001,115000000.0,579700000.0,5.040869565217391,correct,3.040869565217391
587,0,3,0.7703767418861389,0.53,1,Big Fish,2003,70000000.0,123200000.0,1.76,false_positive,0.24
588,1,2,0.6320250630378723,0.54,1,Silent Hill,2006,50000000.0,100605135.0,2.0121027,correct,0.0121026999999998
591,1,4,0.9623484015464784,0.51,1,The Da Vinci Code,2006,125000000.0,760006945.0,6.08005556,correct,4.08005556
594,1,3,0.8443902134895325,0.53,1,The Terminal,2004,60000000.0,219417255.0,3.65695425,correct,1.65695425
598,1,2,0.7192857265472412,0.54,1,City of God,2002,3300000.0,30641770.0,9.28538484848485,correct,7.285384848484849
604,1,4,0.6556746959686279,0.51,1,The Matrix Reloaded,2003,150000000.0,738599701.0,4.923998006666666,correct,2.9239980066666664
605,1,2,0.5506824851036072,0.54,1,The Matrix Revolutions,2003,150000000.0,424988211.0,2.83325474,correct,0.8332547400000001
608,1,1,0.9204575419425964,0.56,1,Men in Black II,2002,140000000.0,445135288.0,3.1795377714285715,correct,1.1795377714285715
612,0,1,0.5041539072990417,0.56,0,Munich,2005,70000000.0,130982129.0,1.8711732714285716,correct,0.1288267285714284
613,1,3,0.7839455604553223,0.53,1,Downfall,2004,16000000.0,92181574.0,5.761348375,correct,3.761348375
615,1,4,0.9670912027359008,0.51,1,The Passion of the Christ,2004,30000000.0,610063468.0,20.33544893333333,correct,18.33544893333333
616,1,3,0.4399512708187103,0.53,0,The Last Samurai,2003,140000000.0,456800000.0,3.262857142857143,false_negative,1.262857142857143
634,1,1,0.8376239538192749,0.56,1,Bridget Jones's Diary,2001,25000000.0,281929795.0,11.2771918,correct,9.2771918
640,1,5,0.8797804713249207,0.57,1,Catch Me If You Can,2002,52000000.0,352114312.0,6.771429076923077,correct,4.771429076923077
641,0,1,0.7135443091392517,0.56,1,Requiem for a Dream,2000,4500000.0,7390108.0,1.6422462222222225,false_positive,0.3577537777777775
644,1,2,0.5711607933044434,0.54,1,A.I. Artificial Intelligence,2001,100000000.0,235926552.0,2.35926552,correct,0.3592655200000001
652,1,2,0.5889652371406555,0.54,1,Troy,2004,175000000.0,497409852.0,2.842342011428572,correct,0.8423420114285718
663,1,2,0.7850620150566101,0.54,1,Saw IV,2007,10000000.0,139352653.0,13.9352653,correct,11.9352653
670,1,5,0.8618351817131042,0.57,1,Oldboy,2003,3000000.0,17500000.0,5.833333333333333,correct,3.833333333333333
671,1,4,0.9440782070159912,0.51,1,Harry Potter and the Philosopher's Stone,2001,125000000.0,976475550.0,7.8118044,correct,5.8118044
672,1,1,0.9350277781486512,0.56,1,Harry Potter and the Chamber of Secrets,2002,100000000.0,876688482.0,8.76688482,correct,6.76688482
673,1,3,0.9465939998626708,0.53,1,Harry Potter and the Prisoner of Azkaban,2004,130000000.0,789804554.0,6.075419646153846,correct,4.075419646153846
674,1,3,0.949889600276947,0.53,1,Harry Potter and the Goblet of Fire,2005,150000000.0,895921036.0,5.9728069066666665,correct,3.9728069066666665
675,1,1,0.9063239097595216,0.56,1,Harry Potter and the Order of the Phoenix,2007,150000000.0,938212738.0,6.254751586666667,correct,4.254751586666667
676,1,2,0.6409371495246887,0.54,1,Pearl Harbor,2001,140000000.0,449220945.0,3.208721035714286,correct,1.208721035714286
693,1,2,0.8854061365127563,0.54,1,Meet the Fockers,2004,80000000.0,516642939.0,6.4580367375,correct,4.4580367375
747,1,4,0.8034083247184753,0.51,1,Shaun of the Dead,2004,6000000.0,39396175.0,6.566029166666667,correct,4.566029166666667
752,1,3,0.3678454458713531,0.53,0,V for Vendetta,2006,54000000.0,134686457.0,2.494193648148148,false_negative,0.49419364814814815
767,1,1,0.8230927586555481,0.56,1,Harry Potter and the Half-Blood Prince,2009,250000000.0,933959197.0,3.735836788,correct,1.7358367879999999
773,1,4,0.7361045479774475,0.51,1,Little Miss Sunshine,2006,8000000.0,100523351.0,12.565418875,correct,10.565418875
786,0,4,0.5401319265365601,0.51,1,Almost Famous,2000,60000000.0,47386287.0,0.78977145,false_positive,1.21022855
787,1,2,0.7021999359130859,0.54,1,Mr. & Mrs. Smith,2005,110000000.0,487287646.0,4.429887690909091,correct,2.4298876909090907
808,1,2,0.8895125985145569,0.54,1,Shrek,2001,60000000.0,489676241.0,8.161270683333333,correct,6.161270683333333
809,1,5,0.9560708999633788,0.57,1,Shrek 2,2004,150000000.0,932542741.0,6.216951606666667,correct,4.216951606666667
810,1,3,0.7829872369766235,0.53,1,Shrek the Third,2007,160000000.0,808310187.0,5.05193866875,correct,3.05193866875
818,1,4,0.9571285843849182,0.51,1,Austin Powers in Goldmember,2002,63000000.0,296938801.0,4.713314301587301,correct,2.7133143015873014
824,1,3,0.90913325548172,0.53,1,Moulin Rouge!,2001,52500000.0,179213434.0,3.413589219047619,correct,1.4135892190476191
834,1,5,0.8643732070922852,0.57,1,Underworld: Evolution,2006,50000000.0,111476513.0,2.22953026,correct,0.2295302600000002
843,1,2,0.5872002840042114,0.54,1,In the Mood for Love,2000,3000000.0,15867968.0,5.289322666666667,correct,3.289322666666667
853,0,5,0.4515519440174103,0.57,0,Enemy at the Gates,2001,68000000.0,96976270.0,1.4261216176470588,correct,0.5738783823529412
855,0,3,0.5613855719566345,0.53,1,Black Hawk Down,2001,92000000.0,172989651.0,1.8803222934782609,false_positive,0.11967770652173915
869,1,5,0.5568674802780151,0.57,0,Planet of the Apes,2001,100000000.0,362211740.0,3.6221174,false_negative,1.6221174
920,1,1,0.9670265316963196,0.56,1,Cars,2006,120000000.0,461983149.0,3.849859575,correct,1.849859575
924,1,5,0.8383005857467651,0.57,1,Dawn of the Dead,2004,26000000.0,102278712.0,3.9337966153846153,correct,1.9337966153846153
950,1,4,0.9496849775314332,0.51,1,Ice Age: The Meltdown,2006,80000000.0,660998756.0,8.26248445,correct,6.2624844500000005
953,1,4,0.9627925157546996,0.51,1,Madagascar,2005,75000000.0,542064525.0,7.227527,correct,5.227527
955,1,3,0.9307221174240112,0.53,1,Mission: Impossible II,2000,125000000.0,546388108.0,4.371104864,correct,2.3711048640000003
956,1,4,0.857954204082489,0.51,1,Mission: Impossible III,2006,150000000.0,398479497.0,2.65652998,correct,0.6565299800000002
979,0,5,0.7485090494155884,0.57,1,Irreversible,2002,3500000.0,6500000.0,1.8571428571428568,false_positive,0.14285714285714324
1018,0,1,0.9337874054908752,0.56,1,Mulholland Drive,2001,15000000.0,20289986.0,1.3526657333333334,false_positive,0.6473342666666666
1124,1,4,0.8886634707450867,0.51,1,The Prestige,2006,40000000.0,109676311.0,2.741907775,correct,0.741907775
1125,1,4,0.7273916602134705,0.51,1,Dreamgirls,2006,70000000.0,154937680.0,2.213395428571429,correct,0.2133954285714288
1164,1,1,0.5694736242294312,0.56,1,Babel,2006,25000000.0,135330835.0,5.4132334,correct,3.4132334
1246,1,2,0.8930670022964478,0.54,1,Rocky Balboa,2006,24000000.0,155929020.0,6.4970425,correct,4.4970425
1250,1,3,0.6375879645347595,0.53,1,Ghost Rider,2007,110000000.0,228738393.0,2.079439936363636,correct,0.07943993636363622
1255,1,2,0.5447030663490295,0.54,1,The Host,2006,11000000.0,88489643.0,8.044513,correct,6.044513
1265,1,1,0.3688022494316101,0.56,0,Bridge to Terabithia,2007,60000000.0,137587063.0,2.2931177166666665,false_negative,0.29311771666666653
1266,1,5,0.7829045653343201,0.57,1,Street Kings,2008,20000000.0,66476363.0,3.32381815,correct,1.3238181500000001
1267,0,1,0.2988329827785492,0.56,0,Meet the Robinsons,2007,150000000.0,169332978.0,1.12888652,correct,0.87111348
1268,1,4,0.9168837666511536,0.51,1,Mr. Bean's Holiday,2007,25000000.0,232225908.0,9.28903632,correct,7.289036319999999
1271,1,4,0.8415737152099609,0.51,1,300,2007,65000000.0,456082343.0,7.016651430769231,correct,5.016651430769231
1272,0,5,0.512151300907135,0.57,0,Sunshine,2007,50000000.0,34800000.0,0.696,correct,1.304
1273,1,2,0.3493431508541107,0.54,0,TMNT,2007,34000000.0,95608995.0,2.8120292647058824,false_negative,0.8120292647058824
1278,0,1,0.4631913304328918,0.56,0,The Dreamers,2003,15000000.0,15100000.0,1.0066666666666666,correct,0.9933333333333334
1359,1,1,0.8144384026527405,0.56,1,American Psycho,2000,7000000.0,34269748.0,4.895678285714285,correct,2.8956782857142853
1372,0,5,0.5066467523574829,0.57,0,Blood Diamond,2006,100000000.0,171720398.0,1.71720398,correct,0.2827960199999999
1378,1,2,0.4807307422161102,0.54,0,Shortbus,2006,2000000.0,5557564.0,2.778782,false_negative,0.7787820000000001
1391,1,3,0.6654646396636963,0.53,1,Y Tu Mamá También,2001,5000000.0,33600000.0,6.72,correct,4.72
1402,1,1,0.7996293902397156,0.56,1,The Pursuit of Happyness,2006,55000000.0,307077295.0,5.583223545454546,correct,3.583223545454546
1417,1,4,0.6192340850830078,0.51,1,Pan's Labyrinth,2006,19000000.0,83258226.0,4.382011894736842,correct,2.3820118947368423
1422,1,1,0.6144204139709473,0.56,1,The Departed,2006,90000000.0,291465000.0,3.2385,correct,1.2385000000000002
1427,1,5,0.3509919643402099,0.57,0,Perfume: The Story of a Murderer,2006,63700000.0,135039924.0,2.119936012558869,false_negative,0.1199360125588691
1433,0,5,0.0876882895827293,0.57,0,The Devil's Backbone,2001,4500000.0,6582065.0,1.462681111111111,correct,0.5373188888888889
1443,0,3,0.8162251114845276,0.53,1,The Virgin Suicides,2000,6000000.0,10409377.0,1.734896166666667,false_positive,0.2651038333333331
1452,0,5,0.1742898225784301,0.57,0,Superman Returns,2006,223000000.0,391081192.0,1.7537273183856503,correct,0.24627268161434968
1487,0,3,0.951012909412384,0.53,1,Hellboy,2004,66000000.0,99318987.0,1.5048331363636365,false_positive,0.49516686363636353
1491,1,3,0.8717449307441711,0.53,1,The Illusionist,2006,16500000.0,87892388.0,5.326811393939394,correct,3.326811393939394
1493,1,1,0.9464141130447388,0.56,1,Miss Congeniality,2000,45000000.0,212000000.0,4.711111111111111,correct,2.7111111111111112
1494,0,5,0.5560125708580017,0.57,0,Curse of the Golden Flower,2006,45000000.0,78568977.0,1.7459772666666666,correct,0.25402273333333336
1495,0,2,0.1783729791641235,0.54,0,Kingdom of Heaven,2005,130000000.0,218366336.0,1.6797410461538462,correct,0.32025895384615377
1535,0,2,0.1564164012670517,0.54,0,Spy Game,2001,115000000.0,143049560.0,1.2439092173913044,correct,0.7560907826086956
1538,1,1,0.6626055836677551,0.56,1,Collateral,2004,65000000.0,220239925.0,3.3883065384615385,correct,1.3883065384615385
1562,1,5,0.6158732175827026,0.57,1,28 Weeks Later,2007,15000000.0,72304846.0,4.820323066666667,correct,2.820323066666667
1571,1,4,0.9331229329109192,0.51,1,Live Free or Die Hard,2007,110000000.0,383531464.0,3.486649672727273,correct,1.4866496727272729
1576,1,2,0.7014451622962952,0.54,1,Resident Evil,2002,33000000.0,102984862.0,3.120753393939394,correct,1.120753393939394
1577,1,1,0.7236488461494446,0.56,1,Resident Evil: Apocalypse,2004,45000000.0,129342769.0,2.874283755555556,correct,0.874283755555556
1579,1,2,0.4015757143497467,0.54,0,Apocalypto,2006,40000000.0,120654337.0,3.016358425,false_negative,1.016358425
1581,1,2,0.715212345123291,0.54,1,The Holiday,2006,85000000.0,205233866.0,2.414516070588235,correct,0.41451607058823514
1584,1,4,0.820874035358429,0.51,1,The School of Rock,2003,35000000.0,131098967.0,3.745684771428572,correct,1.745684771428572
1593,1,5,0.8598184585571289,0.57,1,Night at the Museum,2006,110000000.0,574480841.0,5.2225531,correct,3.2225531
1597,1,2,0.8590633869171143,0.54,1,Meet the Parents,2000,55000000.0,330444045.0,6.008073545454545,correct,4.008073545454545
1620,1,3,0.7879438400268555,0.53,1,Hitman,2007,24000000.0,101276318.0,4.219846583333333,correct,2.219846583333333
1635,0,4,0.3956831693649292,0.51,0,The Island,2005,126000000.0,162949164.0,1.2932473333333334,correct,0.7067526666666666
1636,0,5,0.6465609073638916,0.57,1,Bedazzled,2000,48000000.0,90383208.0,1.8829835,false_positive,0.11701650000000008
1640,1,2,0.8610376119613647,0.54,1,Crash,2005,6500000.0,98400000.0,15.138461538461538,correct,13.138461538461538
1656,0,4,0.5927004218101501,0.51,1,The Legend of Zorro,2005,75000000.0,142400065.0,1.8986675333333332,false_positive,0.10133246666666684
1690,1,2,0.9527192115783693,0.54,1,Hostel,2006,4800000.0,81979826.0,17.07913041666667,correct,15.079130416666668
1691,1,5,0.7600188255310059,0.57,1,Hostel: Part II,2007,10200000.0,35728183.0,3.502763039215686,correct,1.502763039215686
1724,0,4,0.5400004386901855,0.51,1,The Incredible Hulk,2008,150000000.0,264770996.0,1.7651399733333333,false_positive,0.23486002666666672
1726,1,2,0.9151814579963684,0.54,1,Iron Man,2008,140000000.0,585174222.0,4.179815871428572,correct,2.1798158714285716
1729,1,5,0.2201464921236038,0.57,0,The Forbidden Kingdom,2008,55000000.0,127906624.0,2.325574981818182,false_negative,0.3255749818181819
1734,1,3,0.8360714912414551,0.53,1,The Mummy Returns,2001,98000000.0,443280904.0,4.523274530612245,correct,2.5232745306122446
1735,1,5,0.6554856300354004,0.57,1,The Mummy: Tomb of the Dragon Emperor,2008,145000000.0,403449830.0,2.782412620689655,correct,0.7824126206896551
1738,0,2,0.3826969265937805,0.54,0,Next,2007,70000000.0,76066841.0,1.086669157142857,correct,0.9133308428571429
1771,1,1,0.9185247421264648,0.56,1,Captain America: The First Avenger,2011,140000000.0,370569774.0,2.646926957142857,correct,0.6469269571428571
1791,0,3,0.8228814005851746,0.53,1,The Piano Teacher,2001,6200000.0,6766708.0,1.0914045161290322,false_positive,0.9085954838709678
1817,1,2,0.6022112369537354,0.54,1,Phone Booth,2003,13000000.0,97837138.0,7.525933692307692,correct,5.525933692307692
1824,1,4,0.8618171215057373,0.51,1,50 First Dates,2004,75000000.0,196482882.0,2.61977176,correct,0.6197717599999999
1830,0,1,0.5064073801040649,0.56,0,Lord of War,2005,50000000.0,72600000.0,1.452,correct,0.548
1865,1,2,0.9454345107078552,0.54,1,Pirates of the Caribbean: On Stranger Tides,2011,379000000.0,1046721266.0,2.761797535620053,correct,0.7617975356200528
1894,1,4,0.8345906138420105,0.51,1,Star Wars: Episode II - Attack of the Clones,2002,120000000.0,649398328.0,5.411652733333334,correct,3.4116527333333337
1895,1,2,0.9589900374412536,0.54,1,Star Wars: Episode III - Revenge of the Sith,2005,113000000.0,850000000.0,7.522123893805309,correct,5.522123893805309
1900,1,5,0.6250430941581726,0.57,1,Traffic,2000,48000000.0,207500000.0,4.322916666666667,correct,2.322916666666667
1903,1,1,0.5048208832740784,0.56,0,Vanilla Sky,2001,68000000.0,203388341.0,2.991005014705882,false_negative,0.9910050147058822
1904,0,4,0.8040093779563904,0.51,1,Memoirs of a Geisha,2005,85000000.0,162242962.0,1.9087407294117649,false_positive,0.09125927058823513
1927,0,2,0.3196248710155487,0.54,0,Hulk,2003,137000000.0,245360480.0,1.790952408759124,correct,0.20904759124087602
1930,1,5,0.9207128286361694,0.57,1,The Amazing Spider-Man,2012,215000000.0,758725893.0,3.528957641860465,correct,1.528957641860465
1933,1,2,0.6226308941841125,0.54,1,The Others,2001,17000000.0,210002906.0,12.35311211764706,correct,10.35311211764706
1948,1,1,0.7437158226966858,0.56,1,Crank,2006,12000000.0,42900000.0,3.575,correct,1.5750000000000002
1949,0,1,0.6979085206985474,0.56,1,Zodiac,2007,65000000.0,84785914.0,1.3043986769230769,false_positive,0.6956013230769231
1954,1,4,0.911869466304779,0.51,1,The Butterfly Effect,2004,13000000.0,96800000.0,7.446153846153846,correct,5.446153846153846
1966,0,3,0.2865298688411712,0.53,0,Alexander,2004,155000000.0,167298192.0,1.0793431741935484,correct,0.9206568258064516
1970,1,3,0.8740168213844299,0.53,1,The Grudge,2004,10000000.0,183474602.0,18.3474602,correct,16.3474602
1979,1,2,0.5959906578063965,0.54,1,Fantastic Four: Rise of the Silver Surfer,2007,130000000.0,301913131.0,2.3224087,correct,0.3224087
1985,1,4,0.3820326924324035,0.51,0,The Constant Gardener,2005,25000000.0,82468097.0,3.29872388,false_negative,1.2987238799999998
1991,0,2,0.7671424746513367,0.54,1,Death Proof,2007,25000000.0,31126421.0,1.24505684,false_positive,0.7549431600000001
1992,0,3,0.3215423226356506,0.53,0,Planet Terror,2007,23000000.0,11446172.0,0.497659652173913,correct,1.502340347826087
1995,1,4,0.6146005392074585,0.51,1,Lara Croft: Tomb Raider,2001,115000000.0,274703340.0,2.388724695652174,correct,0.38872469565217393
1996,0,5,0.7026307582855225,0.57,1,Lara Croft: Tomb Raider - The Cradle of Life,2003,95000000.0,160099222.0,1.6852549684210527,false_positive,0.3147450315789473
1999,1,4,0.4552788734436035,0.51,0,In the Bedroom,2001,1700000.0,44800000.0,26.352941176470587,false_negative,24.352941176470587
2001,1,3,0.8139256834983826,0.53,1,We Own the Night,2007,21000000.0,55033767.0,2.6206555714285718,correct,0.6206555714285718
2022,1,1,0.6060615181922913,0.56,1,Mr. Deeds,2002,50000000.0,171269565.0,3.4253913,correct,1.4253912999999998
2024,0,2,0.2608277797698974,0.54,0,The Patriot,2000,110000000.0,215294342.0,1.957221290909091,correct,0.042778709090909084
2034,1,3,0.5450300574302673,0.53,1,Training Day,2001,45000000.0,104900000.0,2.331111111111111,correct,0.3311111111111109
2043,0,5,0.3526872396469116,0.57,0,Along Came a Spider,2001,60000000.0,105200000.0,1.7533333333333334,correct,0.2466666666666666
2046,0,4,0.687304675579071,0.51,1,The Gift,2000,10000000.0,12008642.0,1.2008642,false_positive,0.7991358
2048,1,2,0.430520087480545,0.54,0,"I, Robot",2004,120000000.0,347234916.0,2.8936243,false_negative,0.8936242999999999
2057,0,3,0.3004415929317474,0.53,0,Original Sin,2001,42000000.0,35402320.0,0.842912380952381,correct,1.1570876190476191
2059,1,2,0.6490687131881714,0.54,1,National Treasure,2004,100000000.0,347500000.0,3.475,correct,1.475
2062,1,2,0.3925987482070923,0.54,0,Ratatouille,2007,150000000.0,623726000.0,4.158173333333333,false_negative,2.158173333333333
2069,1,3,0.9075900316238404,0.53,1,The Whole Nine Yards,2000,41300000.0,106371651.0,2.575584769975787,correct,0.5755847699757868
2082,1,3,0.610220193862915,0.53,1,Halloween,2007,15000000.0,80460948.0,5.3640632,correct,3.3640632000000004
2085,1,1,0.6294291615486145,0.56,1,Romeo Must Die,2000,25000000.0,91036760.0,3.6414704,correct,1.6414704000000002
2100,0,4,0.111776977777481,0.51,0,The Last Castle,2001,72000000.0,27642707.0,0.3839264861111111,correct,1.6160735138888889
2110,0,1,0.3782893717288971,0.56,0,Wasabi,2001,15300000.0,10366360.0,0.6775398692810457,correct,1.3224601307189543
2123,1,2,0.5344972014427185,0.54,0,"Me, Myself & Irene",2000,51000000.0,149270999.0,2.9268823333333334,false_negative,0.9268823333333334
2133,1,2,0.4218295216560364,0.54,0,The Perfect Storm,2000,130000000.0,328718434.0,2.5286033384615383,false_negative,0.5286033384615383
2135,0,4,0.3537361025810241,0.51,0,The Time Machine,2002,80000000.0,123729176.0,1.5466147,correct,0.4533853000000001
2140,1,4,0.1342986226081848,0.51,0,Kiss of the Dragon,2001,25000000.0,64437847.0,2.57751388,false_negative,0.5775138800000001
2251,1,1,0.2417002618312835,0.56,0,Unfaithful,2002,50000000.0,119137784.0,2.38275568,false_negative,0.3827556799999998
2253,1,3,0.3795997500419616,0.53,0,Valkyrie,2008,75000000.0,200276000.0,2.670346666666666,false_negative,0.6703466666666662
2268,1,2,0.1985200047492981,0.54,0,The Golden Compass,2007,180000000.0,372234864.0,2.067971466666666,false_negative,0.0679714666666662
2270,0,2,0.3996121287345886,0.54,0,Stardust,2007,70000000.0,137500000.0,1.9642857142857144,correct,0.03571428571428559
2289,1,5,0.1131694167852401,0.57,0,Cold Mountain,2003,79000000.0,173013509.0,2.190044417721519,false_negative,0.19004441772151903
2309,0,3,0.4849582612514496,0.53,0,Inkheart,2008,60000000.0,62803180.0,1.0467196666666667,correct,0.9532803333333333
2313,1,3,0.5163170099258423,0.53,0,Prime,2005,22000000.0,67900000.0,3.0863636363636364,false_negative,1.0863636363636364
2332,1,2,0.5345426797866821,0.54,0,Taxi 2,2000,10500000.0,64433844.0,6.136556571428572,false_negative,4.136556571428572
2454,0,4,0.6256186962127686,0.51,1,The Chronicles of Narnia: Prince Caspian,2008,225000000.0,419665568.0,1.8651803022222224,false_positive,0.13481969777777758
2501,1,3,0.908147156238556,0.53,1,The Bourne Identity,2002,60000000.0,214034224.0,3.567237066666667,correct,1.5672370666666668
2502,1,1,0.9395185708999634,0.56,1,The Bourne Supremacy,2004,75000000.0,288500217.0,3.84666956,correct,1.84666956
2503,1,3,0.7708519697189331,0.53,1,The Bourne Ultimatum,2007,70000000.0,442824138.0,6.326059114285714,correct,4.326059114285714
2567,0,4,0.7467038631439209,0.51,1,The Aviator,2004,110000000.0,213719942.0,1.942908563636364,false_positive,0.057091436363635895
2575,0,5,0.2207337617874145,0.57,0,The Tailor of Panama,2001,21000000.0,28000000.0,1.3333333333333333,correct,0.6666666666666667
2637,0,5,0.9348342418670654,0.57,1,The Mothman Prophecies,2002,32000000.0,55305279.0,1.72828996875,false_positive,0.27171003125000004
2652,1,4,0.4950831532478332,0.51,0,Hard Candy,2005,950000.0,7000000.0,7.368421052631579,false_negative,5.368421052631579
2655,1,4,0.7860144376754761,0.51,1,What Lies Beneath,2000,100000000.0,291420351.0,2.91420351,correct,0.9142035100000001
2662,1,4,0.8838772177696228,0.51,1,House of 1000 Corpses,2003,7000000.0,17949758.0,2.564251142857143,correct,0.5642511428571431
2675,1,4,0.4628389477729797,0.51,0,Signs,2002,72000000.0,408200000.0,5.669444444444444,false_negative,3.6694444444444443
2698,0,5,0.834069013595581,0.57,1,Evan Almighty,2007,175000000.0,174440724.0,0.9968041371428572,false_positive,1.003195862857143
2749,0,5,0.250932902097702,0.57,0,15 Minutes,2001,60000000.0,56359980.0,0.939333,correct,1.060667
2752,1,5,0.489483118057251,0.57,0,40 Days and 40 Nights,2002,17000000.0,95146283.0,5.596840176470589,false_negative,3.5968401764705886
2757,0,1,0.714317798614502,0.56,1,Adaptation.,2002,19000000.0,32800000.0,1.7263157894736842,false_positive,0.27368421052631575
2770,1,1,0.9583170413970948,0.56,1,American Pie 2,2001,30000000.0,287553595.0,9.585119833333334,correct,7.585119833333334
2787,1,4,0.8838487863540649,0.51,1,Pitch Black,2000,23000000.0,53187659.0,2.312506913043478,correct,0.3125069130434781
2832,1,2,0.6423830389976501,0.54,1,Identity,2003,28000000.0,90259536.0,3.223554857142857,correct,1.2235548571428572
2899,1,3,0.876433789730072,0.53,1,Asterix & Obelix: Mission Cleopatra,2002,58500000.0,131116046.0,2.2412999316239315,correct,0.24129993162393149
2976,0,2,0.6786893010139465,0.54,1,Hairspray,2007,75000000.0,90450008.0,1.2060001066666666,false_positive,0.7939998933333334
3021,1,1,0.8523648381233215,0.56,1,1408,2007,25000000.0,133000000.0,5.32,correct,3.3200000000000003
3131,0,1,0.5761690139770508,0.56,1,Gangs of New York,2002,100000000.0,193772504.0,1.93772504,false_positive,0.0622749600000001
3176,1,1,0.821847140789032,0.56,1,Battle Royale,2000,4500000.0,30600000.0,6.8,correct,4.8
3432,1,3,0.7078040242195129,0.53,1,Mr. Brooks,2007,20000000.0,48443734.0,2.4221867,correct,0.42218670000000014
3563,1,5,0.6013208627700806,0.57,1,I Now Pronounce You Chuck & Larry,2007,85000000.0,187134117.0,2.2015778470588234,correct,0.20157784705882342
3933,1,1,0.5574895143508911,0.56,0,Corpse Bride,2005,40000000.0,118133252.0,2.9533313,false_negative,0.9533312999999999
3981,1,3,0.7472649216651917,0.53,1,What Women Want,2000,70000000.0,374100000.0,5.344285714285714,correct,3.3442857142857143
4108,1,5,0.6470912098884583,0.57,1,The Transporter,2002,21000000.0,43900000.0,2.0904761904761906,correct,0.0904761904761906
4133,0,5,0.6463069319725037,0.57,1,Blow,2001,53000000.0,83300000.0,1.5716981132075472,false_positive,0.42830188679245285
4147,1,4,0.2582808434963226,0.51,0,Road to Perdition,2002,80000000.0,181001478.0,2.262518475,false_negative,0.2625184749999998
4148,1,2,0.684150755405426,0.54,1,Revolutionary Road,2008,35000000.0,76000000.0,2.1714285714285717,correct,0.1714285714285717
4234,1,3,0.9122152328491212,0.53,1,Scream 3,2000,40000000.0,161838076.0,4.0459519,correct,2.0459519000000004
4247,1,1,0.9504089951515198,0.56,1,Scary Movie,2000,19000000.0,278023280.0,14.632804210526317,correct,12.632804210526317
4248,1,3,0.9136806726455688,0.53,1,Scary Movie 2,2001,45000000.0,141220678.0,3.138237288888889,correct,1.138237288888889
4256,1,4,0.9595600962638856,0.51,1,Scary Movie 3,2003,45000000.0,220673217.0,4.903849266666667,correct,2.9038492666666667
4257,1,5,0.9799586534500122,0.57,1,Scary Movie 4,2006,40000000.0,178710620.0,4.4677655,correct,2.4677654999999996
4258,1,4,0.9748080968856812,0.51,1,Scary Movie 5,2013,20000000.0,78613981.0,3.93069905,correct,1.9306990499999999
4327,1,2,0.671487033367157,0.54,1,Charlie's Angels,2000,92000000.0,264105545.0,2.870712445652174,correct,0.870712445652174
4347,1,2,0.7327650785446167,0.54,1,Atonement,2007,30000000.0,131016624.0,4.3672208,correct,2.3672208
4348,1,1,0.6336829662322998,0.56,1,Pride & Prejudice,2005,28000000.0,124604345.0,4.450155178571428,correct,2.4501551785714284
4349,0,5,0.4342453777790069,0.57,0,The Kingdom,2007,70000000.0,86658558.0,1.2379794,correct,0.7620206
4442,0,4,0.1621637940406799,0.51,0,The Brothers Grimm,2005,88000000.0,105300000.0,1.196590909090909,correct,0.803409090909091
4513,1,2,0.4979366958141327,0.54,0,30 Days of Night,2007,30000000.0,80276156.0,2.6758718666666668,false_negative,0.6758718666666668
4523,1,3,0.8422343730926514,0.53,1,Enchanted,2007,85000000.0,340487652.0,4.005737082352941,correct,2.0057370823529412
4547,1,2,0.4123899936676025,0.54,0,Panic Room,2002,48000000.0,197100000.0,4.10625,false_negative,2.10625
4552,0,1,0.2712649405002594,0.56,0,A Tale of Two Sisters,2003,15100000.0,1100000.0,0.0728476821192053,correct,1.9271523178807948
4553,0,5,0.522819459438324,0.57,0,The Machinist,2004,5000000.0,8203235.0,1.640647,correct,0.35935300000000003
4564,1,2,0.6003026962280273,0.54,1,Sex and the City,2008,65000000.0,418800000.0,6.443076923076923,correct,4.443076923076923
4588,1,3,0.5115043520927429,0.53,0,"Lust, Caution",2007,15000000.0,67100000.0,4.473333333333334,false_negative,2.4733333333333336
4614,1,2,0.5765225291252136,0.54,1,The Sum of All Fears,2002,68000000.0,193921372.0,2.8517848823529413,correct,0.8517848823529413
4638,1,3,0.780166506767273,0.53,1,Hot Fuzz,2007,12000000.0,80600000.0,6.716666666666667,correct,4.716666666666667
4643,1,4,0.7031084895133972,0.51,1,The Guardian,2006,10000000.0,94973540.0,9.497354,correct,7.497354
4858,0,1,0.366231620311737,0.56,0,The Invasion,2007,80000000.0,40170558.0,0.502131975,correct,1.497868025
4922,1,1,0.5727835297584534,0.56,1,The Curious Case of Benjamin Button,2008,150000000.0,335802786.0,2.23868524,correct,0.23868524000000013
4935,1,1,0.5605337023735046,0.56,1,Howl's Moving Castle,2004,24000000.0,236049757.0,9.835406541666666,correct,7.835406541666666
4964,1,3,0.7408480644226074,0.53,1,Knocked Up,2007,30000000.0,219900000.0,7.33,correct,5.33
4970,1,2,0.5728071928024292,0.54,1,Gothika,2003,40000000.0,141591324.0,3.5397831,correct,1.5397831000000002
4977,0,4,0.4839206039905548,0.51,0,Paprika,2006,2600000.0,946590.0,0.3640730769230769,correct,1.6359269230769231
4982,1,5,0.6830447316169739,0.57,1,American Gangster,2007,100000000.0,269755430.0,2.6975543,correct,0.6975543000000002
5038,1,2,0.4947445690631866,0.54,0,Vicky Cristina Barcelona,2008,15000000.0,96409830.0,6.427322,false_negative,4.427322
5174,0,4,0.7263295650482178,0.51,1,Rush Hour 3,2007,140000000.0,258097122.0,1.8435508714285715,false_positive,0.15644912857142845
5175,1,4,0.6795517802238464,0.51,1,Rush Hour 2,2001,90000000.0,347325802.0,3.8591755777777776,correct,1.8591755777777776
5176,0,5,0.7360769510269165,0.57,1,3:10 to Yuma,2007,55000000.0,70000000.0,1.2727272727272727,false_positive,0.7272727272727273
5236,0,2,0.7796691656112671,0.54,1,Kiss Kiss Bang Bang,2005,15000000.0,15785148.0,1.0523432,false_positive,0.9476568000000001
5255,0,5,0.778617262840271,0.57,1,The Polar Express,2004,165000000.0,318432432.0,1.9298935272727276,false_positive,0.07010647272727244
5289,0,3,0.2014677375555038,0.53,0,Chaos,2005,30000000.0,7000000.0,0.2333333333333333,correct,1.7666666666666666
5528,1,4,0.8155723214149475,0.51,1,The Chorus,2004,5300000.0,83600000.0,15.773584905660377,correct,13.773584905660377
5559,0,2,0.1996078193187713,0.54,0,Bee Movie,2007,150000000.0,287594577.0,1.91729718,correct,0.08270281999999995
5653,0,1,0.1968147903680801,0.56,0,Luther,2003,30000000.0,29400000.0,0.98,correct,1.02
5876,1,3,0.8522570729255676,0.53,1,The Mist,2007,18000000.0,57470220.0,3.19279,correct,1.19279
5915,1,5,0.7688789963722229,0.57,1,Into the Wild,2007,15000000.0,56255142.0,3.7503428,correct,1.7503427999999999
5994,1,1,0.5755533576011658,0.56,1,The Family Man,2000,60000000.0,124700000.0,2.078333333333333,correct,0.07833333333333314
6023,1,3,0.8074125647544861,0.53,1,P.S. I Love You,2007,30000000.0,156835339.0,5.2278446333333335,correct,3.2278446333333335
6038,0,5,0.6290445923805237,0.57,1,Shanghai Knights,2003,50000000.0,88323487.0,1.76646974,false_positive,0.23353026
6145,1,3,0.8014330267906189,0.53,1,Fracture,2007,10000000.0,91354215.0,9.1354215,correct,7.1354215
6278,0,4,0.0915678218007087,0.51,0,Reign of Fire,2002,60000000.0,82150183.0,1.3691697166666668,correct,0.6308302833333332
6282,1,2,0.5385218858718872,0.54,0,Coyote Ugly,2000,45000000.0,113900000.0,2.531111111111111,false_negative,0.5311111111111111
6312,1,2,0.4026609361171722,0.54,0,Brotherhood of the Wolf,2001,29000000.0,70800000.0,2.441379310344828,false_negative,0.441379310344828
6439,1,3,0.4280528426170349,0.53,0,Racing Stripes,2005,30000000.0,90754475.0,3.0251491666666666,false_negative,1.0251491666666666
6466,1,1,0.9316945672035216,0.56,1,Freddy vs. Jason,2003,30000000.0,116643421.0,3.888114033333333,correct,1.8881140333333328
6477,1,3,0.7912601828575134,0.53,1,Alvin and the Chipmunks,2007,60000000.0,361366633.0,6.022777216666666,correct,4.022777216666666
6479,1,4,0.8991888165473938,0.51,1,I Am Legend,2007,150000000.0,585410052.0,3.90273368,correct,1.9027336799999999
6557,1,2,0.8464848399162292,0.54,1,27 Dresses,2008,30000000.0,160300000.0,5.343333333333334,correct,3.3433333333333337
6637,1,4,0.8684012293815613,0.51,1,National Treasure: Book of Secrets,2007,130000000.0,459200000.0,3.5323076923076924,correct,1.5323076923076924
6795,0,1,0.31442990899086,0.56,0,Zathura: A Space Adventure,2005,65000000.0,65079104.0,1.0012169846153849,correct,0.9987830153846151
6947,1,3,0.4698082208633423,0.53,0,The Village,2004,60000000.0,256700000.0,4.278333333333333,false_negative,2.2783333333333333
6957,1,2,0.8302174210548401,0.54,1,The 40 Year Old Virgin,2005,26000000.0,177400000.0,6.823076923076923,correct,4.823076923076923
6964,1,5,0.4655975699424743,0.57,0,Something's Gotta Give,2003,80000000.0,270000000.0,3.375,false_negative,1.375
6977,1,1,0.8858105540275574,0.56,1,No Country for Old Men,2007,25000000.0,171627166.0,6.86508664,correct,4.86508664
7090,0,3,0.3204738795757293,0.53,0,Ken Park,2003,1300000.0,447741.0,0.3444161538461538,correct,1.6555838461538461
7131,0,3,0.2421241700649261,0.53,0,Van Helsing,2004,160000000.0,300257475.0,1.87660921875,correct,0.12339078124999991
7191,1,4,0.7270603179931641,0.51,1,Cloverfield,2008,25000000.0,170764026.0,6.83056104,correct,4.83056104
7214,1,2,0.7653781175613403,0.54,1,Coach Carter,2005,30000000.0,76669554.0,2.5556518,correct,0.5556518000000001
7220,0,1,0.8586587905883789,0.56,1,The Punisher,2004,33000000.0,54700105.0,1.6575789393939393,false_positive,0.3424210606060607
7229,0,3,0.7652024626731873,0.53,1,Ruby & Quentin,2003,27440000.0,27729359.0,1.0105451530612244,false_positive,0.9894548469387756
7299,0,5,0.5337353944778442,0.57,0,Equilibrium,2002,20000000.0,5400000.0,0.27,correct,1.73
7326,1,4,0.9270199537277222,0.51,1,Juno,2007,7500000.0,232372681.0,30.98302413333333,correct,28.98302413333333
7345,1,3,0.8854200839996338,0.53,1,There Will Be Blood,2007,25000000.0,77208711.0,3.08834844,correct,1.0883484399999999
7443,1,4,0.8729873895645142,0.51,1,Chicken Run,2000,45000000.0,224834564.0,4.996323644444445,correct,2.9963236444444448
7445,0,3,0.7520850300788879,0.53,1,Brothers,2009,26000000.0,43500000.0,1.6730769230769231,false_positive,0.32692307692307687
7446,1,5,0.4026095271110534,0.57,0,Tropic Thunder,2008,92000000.0,195702811.0,2.127204467391304,false_negative,0.1272044673913042
7451,1,3,0.79625004529953,0.53,1,xXx,2002,70000000.0,277448382.0,3.963548314285714,correct,1.9635483142857142
7453,1,3,0.4325583875179291,0.53,0,The Hitchhiker's Guide to the Galaxy,2005,50000000.0,104500000.0,2.09,false_negative,0.08999999999999986
7459,0,1,0.3913683593273163,0.56,0,Speed Racer,2008,120000000.0,93900000.0,0.7825,correct,1.2175
7461,1,3,0.514058530330658,0.53,0,Vantage Point,2008,40000000.0,152039882.0,3.80099705,false_negative,1.8009970499999999
7484,1,2,0.933594286441803,0.54,1,Open Season,2006,85000000.0,200811689.0,2.3624904588235296,correct,0.3624904588235296
7485,0,3,0.4722433090209961,0.53,0,Shooter,2007,61000000.0,95700000.0,1.5688524590163937,correct,0.4311475409836063
7508,1,1,0.3657520711421966,0.56,0,Like Stars on Earth,2007,2600000.0,28430000.0,10.934615384615384,false_negative,8.934615384615384
7512,0,3,0.5585995316505432,0.53,1,Idiocracy,2006,30000000.0,495303.0,0.0165101,false_positive,1.9834899
7518,1,4,0.7630976438522339,0.51,1,Over the Hedge,2006,80000000.0,343397247.0,4.2924655875,correct,2.2924655874999997
7551,1,5,0.5470706820487976,0.57,0,Déjà Vu,2006,75000000.0,180557550.0,2.407434,false_negative,0.40743399999999985
7552,1,5,0.6190004944801331,0.57,1,Fun with Dick and Jane,2005,100000000.0,202026112.0,2.02026112,correct,0.0202611199999998
7555,1,2,0.6199465990066528,0.54,1,Rambo,2008,50000000.0,113200000.0,2.264,correct,0.2639999999999998
7980,0,2,0.5720118880271912,0.54,1,The Lovely Bones,2009,65000000.0,93600000.0,1.44,false_positive,0.56
7985,0,1,0.2491105645895004,0.56,0,Penelope,2007,15000000.0,21156270.0,1.410418,correct,0.589582
8007,1,2,0.6861593723297119,0.54,1,Behind Enemy Lines,2001,40000000.0,91753202.0,2.29383005,correct,0.29383004999999995
8055,1,4,0.7578835487365723,0.51,1,The Reader,2008,32000000.0,108902486.0,3.4032026875,correct,1.4032026874999999
8204,0,3,0.2554202079772949,0.53,0,The Spiderwick Chronicles,2008,90000000.0,164200000.0,1.8244444444444443,correct,0.1755555555555557
8247,1,5,0.1860878467559814,0.57,0,Jumper,2008,85000000.0,222231186.0,2.6144845411764708,false_negative,0.6144845411764708
8271,1,4,0.7858172059059143,0.51,1,Disturbia,2007,20000000.0,117760134.0,5.8880067,correct,3.8880067
8273,1,5,0.9538438320159912,0.57,1,American Wedding,2003,55000000.0,231449203.0,4.208167327272728,correct,2.2081673272727276
8277,0,5,0.5749648809432983,0.57,1,American Pie Presents: Beta House,2007,10000000.0,18610260.0,1.861026,false_positive,0.13897399999999993
8292,1,3,0.4258998930454254,0.53,0,Four Brothers,2005,45000000.0,92374674.0,2.0527705333333333,false_negative,0.05277053333333326
8326,1,3,0.7419201731681824,0.53,1,Holes,2003,20000000.0,71406573.0,3.57032865,correct,1.57032865
8329,1,3,0.8496066927909851,0.53,1,[REC],2007,1500000.0,32511655.0,21.674436666666665,correct,19.674436666666665
8355,1,4,0.9504234790802002,0.51,1,Ice Age: Dawn of the Dinosaurs,2009,90000000.0,886686817.0,9.852075744444443,correct,7.852075744444443
8358,1,5,0.4667136371135711,0.57,0,Cast Away,2000,90000000.0,429632142.0,4.773690466666666,false_negative,2.7736904666666664
8363,1,1,0.7874818444252014,0.56,1,Superbad,2007,20000000.0,170800000.0,8.54,correct,6.539999999999999
8452,0,3,0.2913302183151245,0.53,0,The 6th Day,2000,82000000.0,96085477.0,1.1717741097560976,correct,0.8282258902439024
8456,1,4,0.6886228322982788,0.51,1,Never Back Down,2008,20000000.0,41627431.0,2.08137155,correct,0.08137155000000007
8461,0,2,0.4307871460914612,0.54,0,Funny Games,2008,15000000.0,7938872.0,0.5292581333333334,correct,1.4707418666666667
8470,1,2,0.6911556124687195,0.54,1,John Q,2002,36000000.0,102244770.0,2.8401325,correct,0.8401325000000002
8488,1,5,0.6298002004623413,0.57,1,Hitch,2005,70000000.0,371600000.0,5.308571428571429,correct,3.3085714285714287
8584,0,4,0.8064042925834656,0.51,1,Shanghai Noon,2000,55000000.0,99274467.0,1.8049903090909087,false_positive,0.19500969090909126
8619,0,2,0.3602183759212494,0.54,0,Master and Commander: The Far Side of the World,2003,150000000.0,211623421.0,1.4108228066666666,correct,0.5891771933333334
8643,1,1,0.7739452719688416,0.56,1,The Exorcism of Emily Rose,2005,19000000.0,145166804.0,7.640358105263158,correct,5.640358105263158
8645,1,4,0.4461027085781097,0.51,0,The Happening,2008,60000000.0,163403799.0,2.72339665,false_negative,0.7233966500000002
8681,1,5,0.851459264755249,0.57,1,Taken,2008,25000000.0,226830568.0,9.07322272,correct,7.07322272
8698,1,4,0.2309348285198211,0.51,0,The League of Extraordinary Gentlemen,2003,78000000.0,179265204.0,2.2982718461538463,false_negative,0.2982718461538463
8814,0,3,0.3933117389678955,0.53,0,Doom,2005,60000000.0,58100000.0,0.9683333333333334,correct,1.0316666666666667
8835,1,4,0.939003050327301,0.51,1,Legally Blonde,2001,18000000.0,141778365.0,7.876575833333334,correct,5.876575833333334
8843,1,5,0.8552229404449463,0.57,1,The Cell,2000,33000000.0,104155843.0,3.1562376666666667,correct,1.1562376666666667
8848,1,4,0.5015573501586914,0.51,0,The Bank Job,2008,20000000.0,64828421.0,3.24142105,false_negative,1.24142105
8859,1,4,0.8554221987724304,0.51,1,"Dude, Where's My Car?",2000,13000000.0,73180723.0,5.629286384615384,correct,3.6292863846153844
8869,0,3,0.527553141117096,0.53,0,Eight Legged Freaks,2002,30000000.0,45900000.0,1.53,correct,0.47
8871,1,2,0.2849607169628143,0.54,0,How the Grinch Stole Christmas,2000,123000000.0,345800000.0,2.8113821138211383,false_negative,0.8113821138211383
8909,1,4,0.1135457605123519,0.51,0,Wanted,2008,75000000.0,342463063.0,4.566174173333334,false_negative,2.5661741733333336
8920,1,2,0.9463195204734802,0.54,1,Garfield,2004,50000000.0,200800000.0,4.016,correct,2.016
8922,1,1,0.8675976395606995,0.56,1,Jeepers Creepers,2001,10000000.0,59217789.0,5.9217789,correct,3.9217788999999996
8960,1,4,0.3804821968078613,0.51,0,Hancock,2008,150000000.0,629400000.0,4.196,false_negative,2.1959999999999997
8961,1,5,0.8260670900344849,0.57,1,Bad Boys II,2003,130000000.0,273339556.0,2.102611969230769,correct,0.10261196923076898
8966,1,3,0.8396862745285034,0.53,1,Twilight,2008,37000000.0,393616788.0,10.638291567567569,correct,8.638291567567569
8982,1,2,0.7984633445739746,0.54,1,The Protector,2005,6000000.0,27165581.0,4.527596833333333,correct,2.527596833333333
9007,0,2,0.4922997057437897,0.54,0,Just Like Heaven,2005,58000000.0,102900000.0,1.7741379310344827,correct,0.2258620689655173
9012,1,5,0.7791769504547119,0.57,1,Jackass: The Movie,2002,5000000.0,64282312.0,12.8564624,correct,10.8564624
9016,0,3,0.2246824949979782,0.53,0,Treasure Planet,2002,140000000.0,109578115.0,0.7827008214285714,correct,1.2172991785714284
9023,0,1,0.2432011812925338,0.56,0,Spirit: Stallion of the Cimarron,2002,80000000.0,122563539.0,1.5320442375,correct,0.4679557624999999
9029,1,3,0.8504772186279297,0.53,1,What Happens in Vegas,2008,35000000.0,219400000.0,6.268571428571429,correct,4.268571428571429
9035,0,4,0.6837309002876282,0.51,1,Slither,2006,15000000.0,12834936.0,0.8556624,false_positive,1.1443376
9042,0,3,0.2781412899494171,0.53,0,The Cave,2005,30000000.0,33296457.0,1.1098819,correct,0.8901181
9072,0,2,0.237101674079895,0.54,0,Little Man,2006,64000000.0,104003322.0,1.62505190625,correct,0.37494809375000004
9257,1,3,0.8582839369773865,0.53,1,S.W.A.T.,2003,80000000.0,207700000.0,2.59625,correct,0.59625
9280,0,1,0.5699102878570557,0.56,1,Femme Fatale,2002,35000000.0,16800000.0,0.48,false_positive,1.52
9285,1,1,0.736862063407898,0.56,1,Road Trip,2000,16000000.0,119754278.0,7.484642375,correct,5.484642375
9286,1,2,0.9223445057868958,0.54,1,Final Destination 3,2006,25000000.0,118890272.0,4.75561088,correct,2.75561088
9291,1,1,0.6817525625228882,0.56,1,The Longest Yard,2005,90000000.0,191466556.0,2.127406177777778,correct,0.12740617777777796
9297,0,1,0.6179645657539368,0.56,1,Monster House,2006,75000000.0,140175006.0,1.86900008,false_positive,0.13099992000000005
9316,1,2,0.4911366403102875,0.54,0,Ong-Bak,2003,1100000.0,20112926.0,18.28447818181818,false_negative,16.28447818181818
9334,1,4,0.8588449954986572,0.51,1,The Scorpion King,2002,60000000.0,165333180.0,2.755553,correct,0.7555529999999999
9335,1,3,0.6755184531211853,0.53,1,Transporter 2,2005,32000000.0,89100000.0,2.784375,correct,0.7843749999999998
9339,1,1,0.6749454736709595,0.56,1,Click,2006,82500000.0,240685326.0,2.9173978909090907,correct,0.9173978909090907
9341,0,4,0.4746831357479095,0.51,0,The Core,2003,60000000.0,74208267.0,1.23680445,correct,0.7631955500000001
9352,0,2,0.7003672122955322,0.54,1,EuroTrip,2004,25000000.0,22605153.0,0.90420612,false_positive,1.09579388
9353,1,2,0.5606604814529419,0.54,1,Nacho Libre,2006,35000000.0,99255460.0,2.835870285714286,correct,0.8358702857142859
9358,1,3,0.9232607483863832,0.53,1,Final Destination 2,2003,26000000.0,90941129.0,3.497735730769231,correct,1.497735730769231
9373,1,2,0.8844070434570312,0.54,1,The Texas Chainsaw Massacre,2003,9500000.0,107385515.0,11.303738421052632,correct,9.303738421052632
9378,0,1,0.5682196021080017,0.56,1,Thir13en Ghosts,2001,42000000.0,68467960.0,1.630189523809524,false_positive,0.3698104761904759
9383,1,2,0.6190631985664368,0.54,1,Hollow Man,2000,95000000.0,190213455.0,2.002246894736842,correct,0.00224689473684192
9392,1,2,0.8360748291015625,0.54,1,The Descent,2005,3500000.0,57130027.0,16.322864857142857,correct,14.322864857142857
9397,0,5,0.4722626209259033,0.57,0,Evolution,2001,80000000.0,98376292.0,1.22970365,correct,0.77029635
9398,1,2,0.9418457746505736,0.54,1,Zoolander,2001,28000000.0,60780981.0,2.170749321428572,correct,0.17074932142857202
9408,0,4,0.9215053915977478,0.51,1,Surf's Up,2007,85000000.0,149000000.0,1.7529411764705882,false_positive,0.24705882352941178
9428,1,1,0.7373982071876526,0.56,1,The Royal Tenenbaums,2001,21000000.0,71441250.0,3.4019642857142856,correct,1.4019642857142856
9470,1,3,0.4963900148868561,0.53,0,Kung Fu Hustle,2004,20000000.0,102034104.0,5.1017052,false_negative,3.1017051999999996
9471,1,3,0.7289534211158752,0.53,1,Charlie's Angels: Full Throttle,2003,120000000.0,259175788.0,2.159798233333333,correct,0.15979823333333298
9472,1,1,0.8850330710411072,0.56,1,DodgeBall: A True Underdog Story,2004,20000000.0,168423227.0,8.42116135,correct,6.42116135
9476,0,5,0.3570427596569061,0.57,0,A Knight's Tale,2001,65000000.0,117487473.0,1.8074995846153843,correct,0.1925004153846157
9477,0,2,0.1257962733507156,0.54,0,King Arthur,2004,120000000.0,203567857.0,1.6963988083333332,correct,0.30360119166666677
9480,1,4,0.4501467943191528,0.51,0,Daredevil,2003,78000000.0,179179718.0,2.297175871794872,false_negative,0.29717587179487204
9486,1,1,0.9189389944076538,0.56,1,Johnny English,2003,40000000.0,160466000.0,4.01165,correct,2.0116500000000004
9488,1,3,0.5242756605148315,0.53,0,Spy Kids 2: The Island of Lost Dreams,2002,38000000.0,119723358.0,3.1506146842105265,false_negative,1.1506146842105265
9502,1,5,0.8331238031387329,0.57,1,Kung Fu Panda,2008,130000000.0,632091832.0,4.8622448615384615,correct,2.8622448615384615
9509,0,2,0.5342785120010376,0.54,0,Man on Fire,2004,70000000.0,130300000.0,1.8614285714285717,correct,0.13857142857142835
9517,0,2,0.2590727806091308,0.54,0,Bully,2001,2100000.0,480811.0,0.228957619047619,correct,1.771042380952381
9522,1,1,0.7164108157157898,0.56,1,Wedding Crashers,2005,40000000.0,288500000.0,7.2125,correct,5.2125
9530,0,5,0.1095789521932601,0.57,0,RV,2006,50000000.0,87528173.0,1.75056346,correct,0.24943654000000004
9532,1,1,0.9536296725273132,0.56,1,Final Destination,2000,23000000.0,112880294.0,4.907838869565217,correct,2.907838869565217
9539,0,2,0.3089928030967712,0.54,0,Martyrs,2008,6500000.0,1100000.0,0.1692307692307692,correct,1.8307692307692307
9543,0,1,0.251762330532074,0.56,0,Prince of Persia: The Sands of Time,2010,200000000.0,336365676.0,1.68182838,correct,0.31817162
9550,1,4,0.5734214186668396,0.51,1,House of Flying Daggers,2004,15000000.0,92863945.0,6.190929666666666,correct,4.190929666666666
9562,0,4,0.1550456583499908,0.51,0,Timeline,2003,80000000.0,43935763.0,0.5491970375,correct,1.4508029625
9567,0,2,0.7445316314697266,0.54,1,Tears of the Sun,2003,75000000.0,86500000.0,1.153333333333333,false_positive,0.8466666666666669
9600,1,2,0.710671603679657,0.54,1,Big Momma's House,2000,30000000.0,173959438.0,5.798647933333333,correct,3.798647933333333
9637,1,5,0.908531129360199,0.57,1,Scooby-Doo,2002,84000000.0,275650703.0,3.281555988095238,correct,1.281555988095238
9645,1,3,0.3676072657108307,0.53,0,Ghost Ship,2002,35000000.0,71142361.0,2.032638885714286,false_negative,0.03263888571428586
9654,1,3,0.5590379238128662,0.53,1,The Italian Job,2003,60000000.0,176070171.0,2.93450285,correct,0.9345028499999999
9655,1,3,0.7871348857879639,0.53,1,She's the Man,2006,20000000.0,57194667.0,2.85973335,correct,0.85973335
9678,0,4,0.6441401839256287,0.51,1,Little Nicky,2000,85000000.0,58292295.0,0.6857917058823529,false_positive,1.314208294117647
9679,1,4,0.3828351199626922,0.51,0,Gone in Sixty Seconds,2000,90000000.0,237200000.0,2.6355555555555554,false_negative,0.6355555555555554
9681,0,5,0.5061287879943848,0.57,0,Casanova,2005,20000000.0,37700000.0,1.885,correct,0.11499999999999999
9693,0,1,0.4731437563896179,0.56,0,Children of Men,2006,76000000.0,70595464.0,0.9288876842105264,correct,1.0711123157894735
9696,0,5,0.5514796376228333,0.57,0,Ichi the Killer,2001,1400010.0,80631.0,0.0575931600488567,correct,1.9424068399511434
9705,0,5,0.2330703139305114,0.57,0,Swordfish,2001,102000000.0,147080413.0,1.4419648333333333,correct,0.5580351666666667
9738,1,4,0.9504429697990416,0.51,1,Fantastic Four,2005,100000000.0,333535934.0,3.33535934,correct,1.3353593400000001
9741,1,1,0.6139061450958252,0.56,1,Unbreakable,2000,75000000.0,248118121.0,3.308241613333333,correct,1.3082416133333332
9757,1,2,0.8392639756202698,0.54,1,Norbit,2007,10000000.0,159814490.0,15.981449,correct,13.981449
9760,1,4,0.6160519123077393,0.51,1,Epic Movie,2007,20000000.0,87238158.0,4.3619079,correct,2.3619079000000003
9762,1,1,0.7715849876403809,0.56,1,Step Up,2006,12000000.0,114197742.0,9.5164785,correct,7.5164785
9763,1,1,0.8356723785400391,0.56,1,Goal!,2005,10000000.0,27610873.0,2.7610873,correct,0.7610872999999998
9778,1,1,0.7852886915206909,0.56,1,Serendipity,2001,28000000.0,77516304.0,2.7684394285714284,correct,0.7684394285714284
9788,0,5,0.3969697058200836,0.57,0,Accepted,2006,23000000.0,38505009.0,1.6741308260869563,correct,0.3258691739130437
9792,1,3,0.8664188385009766,0.53,1,The Hills Have Eyes,2006,15000000.0,69623713.0,4.641580866666667,correct,2.6415808666666667
9793,1,1,0.3280869126319885,0.56,0,The Hills Have Eyes 2,2007,15000000.0,37697773.0,2.5131848666666667,false_negative,0.5131848666666667
9806,1,2,0.9155675172805786,0.54,1,The Incredibles,2004,92000000.0,631442092.0,6.863501,correct,4.863501
9828,0,1,0.1519691795110702,0.56,0,Unknown,2006,3700000.0,3419456.0,0.9241772972972973,correct,1.0758227027027027
9833,1,4,0.6978697180747986,0.51,1,The Phantom of the Opera,2004,70000000.0,154674241.0,2.2096320142857144,correct,0.20963201428571443
9836,1,5,0.962503969669342,0.57,1,Happy Feet,2006,100000000.0,384335608.0,3.84335608,correct,1.84335608
9870,1,4,0.7294037938117981,0.51,1,Forgetting Sarah Marshall,2008,30000000.0,105173115.0,3.5057705,correct,1.5057705000000001
9880,1,5,0.9384739995002748,0.57,1,The Princess Diaries,2001,37000000.0,165335153.0,4.468517648648649,correct,2.468517648648649
9885,1,4,0.2174415290355682,0.51,0,Wolf Creek,2005,1000000.0,30894796.0,30.894796,false_negative,28.894796
9889,1,5,0.8527542352676392,0.57,1,Shallow Hal,2001,40000000.0,141069860.0,3.5267465,correct,1.5267464999999998
9896,0,1,0.5608332753181458,0.56,1,Rat Race,2001,48000000.0,85498534.0,1.7812194583333334,false_positive,0.2187805416666666
9900,0,3,0.267915278673172,0.53,0,Grandma's Boy,2006,5000000.0,6538177.0,1.3076354,correct,0.6923646000000001
9902,1,5,0.7841105461120605,0.57,1,Wrong Turn,2003,12600000.0,28650575.0,2.2738551587301585,correct,0.27385515873015853
9906,0,3,0.5173234939575195,0.53,0,The Ant Bully,2006,50000000.0,55200000.0,1.104,correct,0.8959999999999999
9907,1,4,0.5206977128982544,0.51,1,Barnyard,2006,51000000.0,116755080.0,2.289315294117647,correct,0.2893152941176469
9913,1,5,0.6970369219779968,0.57,1,The Skeleton Key,2005,43000000.0,93983911.0,2.185672348837209,correct,0.18567234883720918
9919,1,2,0.7981507182121277,0.54,1,How to Lose a Guy in 10 Days,2003,50000000.0,177500000.0,3.55,correct,1.5499999999999998
9928,1,4,0.9581416845321656,0.51,1,Robots,2005,75000000.0,262511490.0,3.5001532,correct,1.5001532000000002
9947,0,4,0.4957460463047027,0.51,0,Elektra,2005,43000000.0,56681566.0,1.318175953488372,correct,0.6818240465116281
9968,0,5,0.124204896390438,0.57,0,The Big White,2005,14000000.0,541840.0,0.0387028571428571,correct,1.9612971428571429
9982,1,4,0.3648973703384399,0.51,0,Chicken Little,2005,150000000.0,314400000.0,2.096,false_negative,0.09600000000000009
9986,0,2,0.2291823923587799,0.54,0,Charlotte's Web,2006,85000000.0,148964660.0,1.7525254117647058,correct,0.24747458823529422
9992,0,3,0.4100541174411773,0.53,0,Arthur and the Invisibles,2006,86000000.0,108605609.0,1.262855918604651,correct,0.7371440813953489
10009,0,1,0.6295600533485413,0.56,1,Brother Bear,2003,128000000.0,250397798.0,1.956232796875,false_positive,0.04376720312500004
10022,1,2,0.518450140953064,0.54,0,The Pacifier,2005,56000000.0,198636868.0,3.5470869285714284,false_negative,1.5470869285714284
10024,1,5,0.7062417268753052,0.57,1,My Sister's Keeper,2009,30000000.0,95714875.0,3.1904958333333333,correct,1.1904958333333333
10028,1,2,0.5928725004196167,0.54,1,Honey,2003,18000000.0,62646763.0,3.480375722222222,correct,1.480375722222222
10030,1,3,0.3250522911548614,0.53,0,Good Luck Chuck,2007,25000000.0,59768495.0,2.3907398,false_negative,0.39073979999999997
10045,0,3,0.455146312713623,0.53,0,District B13,2004,12000000.0,11169386.0,0.9307821666666668,correct,1.069217833333333
10048,0,4,0.6435148119926453,0.51,1,Stealth,2005,135000000.0,76932943.0,0.5698736518518519,false_positive,1.430126348148148
10052,0,1,0.4183569252490997,0.56,0,Dragonfly,2002,60000000.0,52322400.0,0.87204,correct,1.1279599999999999
10054,1,1,0.773444414138794,0.56,1,Spy Kids,2001,35000000.0,147934180.0,4.226690857142857,correct,2.2266908571428567
10066,0,3,0.6456319689750671,0.53,1,House of Wax,2005,40000000.0,68766121.0,1.719153025,false_positive,0.280846975
10096,1,2,0.8047035336494446,0.54,1,13 Going on 30,2004,37000000.0,96458118.0,2.6069761621621623,correct,0.6069761621621623
10138,1,5,0.918018102645874,0.57,1,Iron Man 2,2010,200000000.0,623933331.0,3.119666655,correct,1.119666655
10140,1,4,0.8503921031951904,0.51,1,The Chronicles of Narnia: The Voyage of the Dawn Treader,2010,155000000.0,415686217.0,2.6818465612903224,correct,0.6818465612903224
10159,0,5,0.1207988187670707,0.57,0,The Rundown,2003,85000000.0,80900000.0,0.951764705882353,correct,1.0482352941176472
10184,1,4,0.9126457571983336,0.51,1,He's Just Not That Into You,2009,40000000.0,178866158.0,4.47165395,correct,2.4716539500000003
10189,1,2,0.4204677045345306,0.54,0,Pineapple Express,2008,27000000.0,101624843.0,3.763883074074074,false_negative,1.7638830740740739
10191,1,5,0.9490816593170166,0.57,1,How to Train Your Dragon,2010,165000000.0,495141736.0,3.000859006060606,correct,1.000859006060606
10192,1,2,0.9151601791381836,0.54,1,Shrek Forever After,2010,165000000.0,752600867.0,4.561217375757575,correct,2.5612173757575754
10193,1,1,0.924278974533081,0.56,1,Toy Story 3,2010,200000000.0,1067316101.0,5.336580505,correct,3.3365805049999997
10195,1,5,0.9521873593330384,0.57,1,Thor,2011,150000000.0,449326618.0,2.995510786666667,correct,0.9955107866666668
10196,1,2,0.3618375062942505,0.54,0,The Last Airbender,2010,150000000.0,319713881.0,2.1314258733333333,false_negative,0.13142587333333333
10198,1,1,0.3423812091350555,0.56,0,The Princess and the Frog,2009,105000000.0,270997378.0,2.580927409523809,false_negative,0.5809274095238091
10200,1,5,0.5454766750335693,0.57,0,The Day the Earth Stood Still,2008,80000000.0,233093859.0,2.9136732375,false_negative,0.9136732374999998
10201,1,1,0.7287136912345886,0.56,1,Yes Man,2008,70000000.0,223200000.0,3.1885714285714286,correct,1.1885714285714286
10202,1,4,0.4270828664302826,0.51,0,Bedtime Stories,2008,80000000.0,212874864.0,2.6609358,false_negative,0.6609357999999999
10204,0,1,0.2343408614397049,0.56,0,Around the World in 80 Days,2004,110000000.0,72178895.0,0.6561717727272727,correct,1.3438282272727273
10226,1,3,0.1126651614904403,0.53,0,High Tension,2003,2500000.0,6291958.0,2.5167832,false_negative,0.5167831999999999
10229,1,5,0.9259774088859558,0.57,1,A Walk to Remember,2002,11800000.0,47494916.0,4.024992881355932,correct,2.0249928813559324
10315,0,4,0.6028253436088562,0.51,1,Fantastic Mr. Fox,2009,40000000.0,46471023.0,1.161775575,false_positive,0.8382244249999999
10327,1,4,0.89650958776474,0.51,1,"Legally Blonde 2: Red, White & Blonde",2003,45000000.0,124914842.0,2.7758853777777777,correct,0.7758853777777777
10330,1,2,0.8739147186279297,0.54,1,Freaky Friday,2003,26000000.0,160846332.0,6.186397384615384,correct,4.186397384615384
10358,0,3,0.7500237822532654,0.53,1,Zack and Miri Make a Porno,2008,24000000.0,42105111.0,1.754379625,false_positive,0.2456203749999999
10393,0,2,0.3012461960315704,0.54,0,The Replacements,2000,50000000.0,50054511.0,1.00109022,correct,0.99890978
10431,0,4,0.3504655063152313,0.51,0,War,2007,25000000.0,40452643.0,1.61810572,correct,0.38189428000000003
10483,0,5,0.2688479125499725,0.57,0,Death Race,2008,45000000.0,76000000.0,1.6888888888888889,correct,0.3111111111111111
10501,0,1,0.4940908253192901,0.56,0,The Road to El Dorado,2000,95000000.0,76400000.0,0.8042105263157895,correct,1.1957894736842105
10527,1,5,0.949046552181244,0.57,1,Madagascar: Escape 2 Africa,2008,150000000.0,603900354.0,4.02600236,correct,2.0260023599999997
10528,1,5,0.7886576652526855,0.57,1,Sherlock Holmes,2009,90000000.0,524028679.0,5.822540877777778,correct,3.8225408777777776
10555,1,1,0.590535044670105,0.56,1,Shark Tale,2004,75000000.0,367300000.0,4.897333333333333,correct,2.897333333333333
10559,1,5,0.7442532777786255,0.57,1,Frequency,2000,31000000.0,68106245.0,2.1969756451612903,correct,0.1969756451612903
10567,1,3,0.3658932745456695,0.53,0,Dinosaur,2000,127500000.0,354248063.0,2.7784161803921568,false_negative,0.7784161803921568
10588,0,1,0.4001719951629638,0.56,0,The Cat in the Hat,2003,109000000.0,133800000.0,1.2275229357798163,correct,0.7724770642201837
10590,0,5,0.3896443545818329,0.57,0,We Were Soldiers,2002,75000000.0,114660784.0,1.528810453333333,correct,0.4711895466666669
10591,0,4,0.7158747315406799,0.51,1,The Girl Next Door,2004,21000000.0,31635150.0,1.5064357142857143,false_positive,0.4935642857142857
10601,0,3,0.3033018410205841,0.53,0,Peter Pan,2003,100000000.0,121975011.0,1.21975011,correct,0.7802498899999999
10623,1,4,0.426555335521698,0.51,0,Cradle 2 the Grave,2003,25000000.0,56500000.0,2.26,false_negative,0.2599999999999998
10625,1,4,0.966770887374878,0.51,1,Mean Girls,2004,17000000.0,130195052.0,7.658532470588235,correct,5.658532470588235
10637,1,4,0.7444332242012024,0.51,1,Remember the Titans,2000,30000000.0,136700000.0,4.556666666666667,correct,2.5566666666666666
10647,0,1,0.9315077066421508,0.56,1,Pay It Forward,2000,40000000.0,55707411.0,1.392685275,false_positive,0.6073147249999999
10661,1,4,0.531548261642456,0.51,1,You Don't Mess with the Zohan,2008,90000000.0,204313400.0,2.270148888888889,correct,0.270148888888889
10664,1,3,0.8070895671844482,0.53,1,[REC]²,2009,5600000.0,18469680.0,3.298157142857143,correct,1.2981571428571428
10681,1,3,0.7141211032867432,0.53,1,WALL·E,2008,180000000.0,521311860.0,2.896177,correct,0.8961769999999998
10708,1,4,0.5870149731636047,0.51,1,Daddy Day Care,2003,60000000.0,164433867.0,2.74056445,correct,0.7405644499999999
10719,1,3,0.6249870657920837,0.53,1,Elf,2003,32000000.0,228500000.0,7.140625,correct,5.140625
10764,1,2,0.7048861384391785,0.54,1,Quantum of Solace,2008,200000000.0,589593688.0,2.94796844,correct,0.9479684399999999
10771,0,1,0.2012410163879394,0.56,0,The Tuxedo,2002,60000000.0,104400000.0,1.74,correct,0.26
10775,0,5,0.5590639710426331,0.57,0,Infernal Affairs,2002,6400000.0,8836958.0,1.3807746875,correct,0.6192253125
10781,1,3,0.8689841628074646,0.53,1,The Texas Chainsaw Massacre: The Beginning,2006,16000000.0,50517763.0,3.1573601875,correct,1.1573601875000001
10796,0,4,0.3157384693622589,0.51,0,The One,2001,49000000.0,72689126.0,1.4834515510204085,correct,0.5165484489795915
10865,0,4,0.9227882027626038,0.51,1,Atlantis: The Lost Empire,2001,120000000.0,186053725.0,1.5504477083333332,false_positive,0.44955229166666677
10866,0,4,0.2805186808109283,0.51,0,Joy Ride,2001,23000000.0,36642838.0,1.5931668695652177,correct,0.4068331304347823
10947,0,4,0.7409266233444214,0.51,1,High School Musical,2006,4200000.0,3746.0,0.0008919047619047,false_positive,1.9991080952380953
10950,1,5,0.7661980390548706,0.57,1,I Am Sam,2001,22000000.0,92542418.0,4.206473545454545,correct,2.2064735454545454
10982,1,3,0.6939882040023804,0.53,1,Hoodwinked!,2005,8000000.0,110000000.0,13.75,correct,11.75
11007,1,4,0.8873789310455322,0.51,1,Cheaper by the Dozen,2003,40000000.0,190212113.0,4.755302825,correct,2.7553028250000002
11013,1,5,0.6273654699325562,0.57,1,Secretary,2002,4000000.0,9300000.0,2.325,correct,0.3250000000000002
11023,1,2,0.5873299837112427,0.54,1,Thirteen,2003,2000000.0,10128960.0,5.06448,correct,3.0644799999999996
11036,1,3,0.925774335861206,0.53,1,The Notebook,2004,29000000.0,115600000.0,3.986206896551724,correct,1.986206896551724
11090,1,2,0.7843036651611328,0.54,1,The Animal,2001,22000000.0,84772742.0,3.8533064545454554,correct,1.8533064545454554
11130,1,2,0.8942375183105469,0.54,1,The Princess Diaries 2: Royal Engagement,2004,40000000.0,134734481.0,3.368362025,correct,1.3683620250000001
11237,1,3,0.9218173623085022,0.53,1,Anacondas: The Hunt for the Blood Orchid,2004,20000000.0,70992898.0,3.5496449,correct,1.5496449
11247,1,1,0.6577998995780945,0.56,1,A Cinderella Story,2004,19000000.0,70067909.0,3.687784684210526,correct,1.6877846842105262
11249,1,5,0.6281918883323669,0.57,1,Seed of Chucky,2004,12000000.0,24829644.0,2.069137,correct,0.069137
11253,0,5,0.7997578978538513,0.57,1,Hellboy II: The Golden Army,2008,85000000.0,160388063.0,1.886918388235294,false_positive,0.11308161176470599
11283,1,5,0.4519312083721161,0.57,0,Nanny McPhee,2005,25000000.0,123276807.0,4.93107228,false_negative,2.9310722800000004
11322,1,1,0.7136644721031189,0.56,1,Public Enemies,2009,100000000.0,214104620.0,2.1410462,correct,0.1410461999999999
11324,1,2,0.5409115552902222,0.54,1,Shutter Island,2010,80000000.0,294804195.0,3.6850524375,correct,1.6850524375
11351,1,2,0.848275363445282,0.54,1,Jeepers Creepers 2,2003,17000000.0,63102666.0,3.711921529411765,correct,1.711921529411765
11362,1,3,0.439840167760849,0.53,0,The Count of Monte Cristo,2002,35000000.0,75395048.0,2.1541442285714285,false_negative,0.1541442285714285
11371,0,1,0.2395635992288589,0.56,0,The Score,2001,68000000.0,113579918.0,1.6702929117647058,correct,0.32970708823529415
11397,1,2,0.6507750749588013,0.54,1,Not Another Teen Movie,2001,16000000.0,66468332.0,4.15427075,correct,2.1542707500000002
11423,1,1,0.7637178301811218,0.56,1,Memories of Murder,2003,2800000.0,26000000.0,9.285714285714286,correct,7.2857142857142865
11451,1,4,0.8816178441047668,0.51,1,Herbie Fully Loaded,2005,50000000.0,144100000.0,2.882,correct,0.8820000000000001
11459,1,5,0.3113269209861755,0.57,0,Sky High,2005,35000000.0,86369815.0,2.467709,false_negative,0.46770900000000015
11470,0,4,0.6562842726707458,0.51,1,Jason X,2001,11000000.0,17077882.0,1.5525347272727272,false_positive,0.44746527272727277
11529,1,2,0.7448356747627258,0.54,1,Sweet Home Alabama,2002,30000000.0,180622424.0,6.020747466666666,correct,4.020747466666666
11544,1,5,0.8789241909980774,0.57,1,Lilo & Stitch,2002,80000000.0,273144151.0,3.4143018875,correct,1.4143018875000002
11565,1,1,0.6690364480018616,0.56,1,Big Momma's House 2,2006,40000000.0,141522961.0,3.538074025,correct,1.5380740249999998
11619,0,2,0.2637934386730194,0.54,0,Flushed Away,2006,149000000.0,178120010.0,1.1954363087248323,correct,0.8045636912751677
11631,1,1,0.9573959708213806,0.56,1,Mamma Mia!,2008,52000000.0,609841637.0,11.72772378846154,correct,9.72772378846154
11635,1,4,0.6026951670646667,0.51,1,Old School,2003,24000000.0,87100000.0,3.629166666666667,correct,1.6291666666666669
11636,0,2,0.7823964953422546,0.54,1,New Police Story,2004,20000000.0,8712057.0,0.43560285,false_positive,1.56439715
11638,1,2,0.6098953485488892,0.54,1,Guess Who,2005,35000000.0,103100000.0,2.9457142857142857,correct,0.9457142857142857
11647,1,4,0.5122939944267273,0.51,1,Infernal Affairs II,2003,125000.0,3208262.0,25.666096,correct,23.666096
11653,0,3,0.3895865082740783,0.53,0,The Myth,2005,15000000.0,6669097.0,0.4446064666666666,correct,1.5553935333333335
11665,1,5,0.5417015552520752,0.57,0,Get Smart,2008,80000000.0,230685453.0,2.8835681625,false_negative,0.8835681625
11678,1,3,0.2051182985305786,0.53,0,Vertical Limit,2000,75000000.0,215663859.0,2.87551812,false_negative,0.8755181200000002
11679,0,4,0.8728817105293274,0.51,1,xXx: State of the Union,2005,60000000.0,71410636.0,1.1901772666666666,false_positive,0.8098227333333334
11683,1,5,0.7461957335472107,0.57,1,Land of the Dead,2005,15000000.0,47074133.0,3.138275533333333,correct,1.1382755333333332
11688,0,2,0.4367538392543793,0.54,0,The Emperor's New Groove,2000,100000000.0,169327687.0,1.69327687,correct,0.30672312999999995
11770,1,1,0.7054812908172607,0.56,1,Shaolin Soccer,2001,10000005.0,42776760.0,4.27767386116307,correct,2.27767386116307
11774,0,5,0.3330616652965545,0.57,0,Lemony Snicket's A Series of Unfortunate Events,2004,140000000.0,209073645.0,1.4933831785714289,correct,0.5066168214285711
11823,0,4,0.4978567957878113,0.51,0,Wimbledon,2004,31000000.0,41512007.0,1.339097,correct,0.660903
11836,1,4,0.9461200833320618,0.51,1,The SpongeBob SquarePants Movie,2004,30000000.0,141067890.0,4.702263,correct,2.7022630000000003
11838,0,5,0.875356137752533,0.57,1,Ju-on: The Grudge,2002,3500000.0,3657876.0,1.0451074285714286,false_positive,0.9548925714285714
11852,0,5,0.8376352787017822,0.57,1,The Hot Chick,2002,34000000.0,54639553.0,1.6070456764705885,false_positive,0.3929543235294115
11918,1,2,0.5720071196556091,0.54,1,Superhero Movie,2008,35000000.0,71571300.0,2.0448942857142858,correct,0.044894285714285775
11968,0,4,0.7227000594139099,0.51,1,Into the Blue,2005,50000000.0,46117696.0,0.92235392,false_positive,1.07764608
11978,1,4,0.6548742651939392,0.51,1,Men of Honor,2000,32000000.0,82300000.0,2.571875,correct,0.5718749999999999
11979,0,2,0.6810362935066223,0.54,1,Queen of the Damned,2002,35000000.0,45479110.0,1.2994031428571429,false_positive,0.7005968571428571
12090,1,3,0.75590980052948,0.53,1,Just Married,2003,18000000.0,101564935.0,5.642496388888889,correct,3.6424963888888886
12093,0,2,0.5474528074264526,0.54,1,Lilya 4-ever,2002,2700000.0,1007747.0,0.3732396296296296,false_positive,1.6267603703703704
12096,1,3,0.9110819101333618,0.53,1,The Pink Panther,2006,65000000.0,158851357.0,2.4438670307692307,correct,0.44386703076923073
12133,0,4,0.269083172082901,0.51,0,Step Brothers,2008,65000000.0,128100000.0,1.9707692307692308,correct,0.02923076923076917
12153,1,4,0.8846717476844788,0.51,1,White Chicks,2004,37000000.0,113100000.0,3.056756756756757,correct,1.0567567567567568
12155,1,1,0.8792850375175476,0.56,1,Alice in Wonderland,2010,200000000.0,1025467110.0,5.12733555,correct,3.1273355499999997
12162,1,1,0.8708667159080505,0.56,1,The Hurt Locker,2008,15000000.0,49259766.0,3.2839844,correct,1.2839844
12163,1,3,0.8519468903541565,0.53,1,The Wrestler,2008,6000000.0,44734660.0,7.455776666666667,correct,5.455776666666667
12184,1,1,0.7520161271095276,0.56,1,The Other Boleyn Girl,2008,35000000.0,78269970.0,2.236284857142857,correct,0.23628485714285707
12222,1,3,0.513321578502655,0.53,0,Horton Hears a Who!,2008,85000000.0,298572799.0,3.5126211647058825,false_negative,1.5126211647058825
12228,0,3,0.274027556180954,0.53,0,Inside Deep Throat,2005,2000000.0,653621.0,0.3268105,correct,1.6731894999999999
12244,0,3,0.3412609100341797,0.53,0,9,2009,30000000.0,48428063.0,1.6142687666666666,correct,0.38573123333333337
12279,1,2,0.6300323009490967,0.54,1,Spy Kids 3-D: Game Over,2003,38000000.0,197101678.0,5.186886263157895,correct,3.186886263157895
12405,1,2,0.9268621802330016,0.54,1,Slumdog Millionaire,2008,15000000.0,378400000.0,25.226666666666667,correct,23.226666666666667
12429,1,4,0.4449833035469055,0.51,0,Ponyo,2008,34000000.0,202404009.0,5.953059088235294,false_negative,3.9530590882352943
12437,1,5,0.9002590179443359,0.57,1,Underworld: Rise of the Lycans,2009,35000000.0,92158961.0,2.633113171428572,correct,0.633113171428572
12444,1,2,0.9313767552375792,0.54,1,Harry Potter and the Deathly Hallows: Part 1,2010,250000000.0,954305868.0,3.817223472,correct,1.8172234719999998
12445,1,4,0.9635998606681824,0.51,1,Harry Potter and the Deathly Hallows: Part 2,2011,125000000.0,1341511219.0,10.732089752,correct,8.732089752
12609,0,3,0.1601410955190658,0.53,0,Help! I'm a Fish,2000,18000000.0,5600000.0,0.3111111111111111,correct,1.6888888888888889
12610,0,5,0.1669011116027832,0.57,0,Osmosis Jones,2001,75000000.0,13596911.0,0.1812921466666666,correct,1.8187078533333334
12779,0,2,0.1340149492025375,0.54,0,Swept Away,2002,10000000.0,598645.0,0.0598645,correct,1.9401355
13027,1,2,0.3154417872428894,0.54,0,Eagle Eye,2008,80000000.0,178800000.0,2.235,false_negative,0.23499999999999988
13053,1,2,0.2629228234291076,0.54,0,Bolt,2008,150000000.0,309979994.0,2.0665332933333334,false_negative,0.06653329333333335
13161,0,2,0.5085399150848389,0.54,0,Big Stan,2007,7500000.0,8742330.0,1.165644,correct,0.8343560000000001
13179,0,5,0.2549965977668762,0.57,0,Tinker Bell,2008,48000000.0,9208064.0,0.1918346666666666,correct,1.8081653333333334
13183,0,1,0.5352504253387451,0.56,0,Watchmen,2009,130000000.0,185258983.0,1.4250691,correct,0.5749309
13207,1,3,0.4795309901237488,0.53,0,Friday the 13th,2009,19000000.0,91509154.0,4.816271263157895,false_negative,2.816271263157895
13223,1,5,0.8493860363960266,0.57,1,Gran Torino,2008,33000000.0,270000000.0,8.181818181818182,correct,6.181818181818182
13252,0,5,0.3559113144874573,0.57,0,Cleaner,2007,25000000.0,5796630.0,0.2318652,correct,1.7681348
13341,0,4,0.4612303674221039,0.51,0,Bad News Bears,2005,30000000.0,34252847.0,1.1417615666666667,correct,0.8582384333333333
13387,1,4,0.7774704694747925,0.51,1,Transporter 3,2008,30000000.0,109000000.0,3.633333333333333,correct,1.6333333333333329
13448,1,3,0.7666528224945068,0.53,1,Angels & Demons,2009,150000000.0,485930816.0,3.2395387733333334,correct,1.2395387733333334
13475,1,3,0.930389940738678,0.53,1,Star Trek,2009,150000000.0,386839614.0,2.57893076,correct,0.57893076
13510,0,2,0.5495377779006958,0.54,1,Eden Lake,2008,12850990.0,3984669.0,0.310067084325799,false_positive,1.6899329156742011
13523,0,5,0.5527656078338623,0.57,0,Sex Drive,2008,19000000.0,18755936.0,0.9871545263157896,correct,1.0128454736842105
13532,0,4,0.3856123089790344,0.51,0,Fanboys,2009,3900000.0,948753.0,0.24327,correct,1.7567300000000001
13680,1,3,0.3713173270225525,0.53,0,The Game Plan,2007,22000000.0,147880543.0,6.721842863636364,false_negative,4.721842863636364
13688,1,3,0.1934196203947067,0.53,0,CJ7,2008,20000000.0,47301471.0,2.36507355,false_negative,0.36507354999999997
13700,0,5,0.505460262298584,0.57,0,Home on the Range,2004,110000000.0,145358062.0,1.321436927272727,correct,0.6785630727272729
13811,1,1,0.4133065342903137,0.56,0,Knowing,2009,50000000.0,155446362.0,3.10892724,false_negative,1.1089272399999999
13971,0,1,0.2022972851991653,0.56,0,Wild Child,2008,20000000.0,22000000.0,1.1,correct,0.8999999999999999
14001,0,2,0.2531277239322662,0.54,0,Dead Silence,2007,20000000.0,22382047.0,1.11910235,correct,0.8808976500000001
14160,1,1,0.6977683901786804,0.56,1,Up,2009,175000000.0,735103954.0,4.200594022857143,correct,2.2005940228571426
14161,1,3,0.2507417500019073,0.53,0,2012,2009,200000000.0,791217826.0,3.95608913,false_negative,1.95608913
14310,1,1,0.3136742413043976,0.56,0,Infernal Affairs III,2003,250000.0,4468597.0,17.874388,false_negative,15.874388
14324,0,1,0.0552533119916915,0.56,0,Virgin Territory,2007,38000000.0,5410749.0,0.1423881315789473,correct,1.8576118684210527
14411,0,5,0.1503542065620422,0.57,0,Sinbad: Legend of the Seven Seas,2003,60000000.0,80767884.0,1.3461314,correct,0.6538686
14442,0,3,0.490692138671875,0.53,0,Ella Enchanted,2004,31000000.0,27400000.0,0.8838709677419355,correct,1.1161290322580646
14574,0,2,0.670420229434967,0.54,1,The Boy in the Striped Pyjamas,2008,12500000.0,20416563.0,1.63332504,false_positive,0.3666749600000001
14784,0,3,0.2932130694389343,0.53,0,The Fall,2006,30000000.0,3984390.0,0.132813,correct,1.867187
14805,0,4,0.2295068353414535,0.51,0,Bait,2000,35000000.0,15500000.0,0.4428571428571428,correct,1.5571428571428572
14836,1,4,0.5861018300056458,0.51,1,Coraline,2009,60000000.0,185860104.0,3.0976684,correct,1.0976683999999999
14869,0,4,0.5207534432411194,0.51,1,G.I. Joe: The Rise of Cobra,2009,175000000.0,302500000.0,1.7285714285714286,false_positive,0.27142857142857135
14926,1,1,0.2812965810298919,0.56,0,Uptown Girls,2003,20000000.0,44617342.0,2.2308671,false_negative,0.2308671000000002
15070,0,4,0.3921251595020294,0.51,0,Undisputed,2002,20000000.0,14946150.0,0.7473075,correct,1.2526925
15092,0,2,0.8824217915534973,0.54,1,Crank: High Voltage,2009,20000000.0,34600000.0,1.73,false_positive,0.27
15255,1,5,0.1859978288412094,0.57,0,Undisputed II: Last Man Standing,2006,8000000.0,71000000.0,8.875,false_negative,6.875
15357,0,1,0.6278188824653625,0.56,1,District 13: Ultimatum,2009,15000000.0,14103752.0,0.9402501333333332,false_positive,1.059749866666667
15512,1,3,0.5879833698272705,0.53,1,Monsters vs Aliens,2009,175000000.0,381509870.0,2.1800564,correct,0.18005639999999978
15720,0,3,0.355553388595581,0.53,0,The Man from Elysian Fields,2001,6500000.0,2006391.0,0.3086755384615384,correct,1.6913244615384615
16320,0,1,0.4276381433010101,0.56,0,Serenity,2005,39000000.0,38869464.0,0.9966529230769232,correct,1.0033470769230768
16558,0,2,0.5976418256759644,0.54,1,Duplicity,2009,60000000.0,78176181.0,1.30293635,false_positive,0.69706365
16617,0,1,0.2555338740348816,0.56,0,Mindhunters,2004,27000000.0,21100000.0,0.7814814814814814,correct,1.2185185185185186
16664,1,4,0.2271481901407241,0.51,0,All About Lily Chou-Chou,2001,1250000.0,6776921.0,5.4215368,false_negative,3.4215368
16690,1,1,0.4356650710105896,0.56,0,Return to Never Land,2002,20000000.0,109862682.0,5.4931341,false_negative,3.4931341
16869,1,5,0.5256167650222778,0.57,0,Inglourious Basterds,2009,70000000.0,321457747.0,4.592253528571429,false_negative,2.5922535285714288
16871,1,2,0.5848637819290161,0.54,1,Drag Me to Hell,2009,30000000.0,91388487.0,3.0462829,correct,1.0462829
16996,1,3,0.8599856495857239,0.53,1,17 Again,2009,20000000.0,136300000.0,6.815,correct,4.815
17379,0,3,0.4145044386386871,0.53,0,Last Holiday,2006,45000000.0,38399961.0,0.8533324666666666,correct,1.1466675333333334
17431,0,2,0.775800347328186,0.54,1,Moon,2009,5000000.0,9760104.0,1.9520208,false_positive,0.04797920000000011
17578,1,4,0.3366933465003967,0.51,0,The Adventures of Tintin,2011,130000000.0,373993951.0,2.8768765461538464,false_negative,0.8768765461538464
17609,0,2,0.6228650212287903,0.54,1,Antichrist,2009,11000000.0,7413863.0,0.6739875454545454,false_positive,1.3260124545454546
17654,1,4,0.8415522575378418,0.51,1,District 9,2009,30000000.0,210888950.0,7.029631666666667,correct,5.029631666666667
17903,0,4,0.1705967187881469,0.51,0,A Frozen Flower,2008,10000000.0,18980744.0,1.8980744,correct,0.10192559999999995
17927,0,4,0.4577944874763489,0.51,0,Fired Up!,2009,20000000.0,18599102.0,0.9299551,correct,1.0700449
17979,0,5,0.4857008755207062,0.57,0,A Christmas Carol,2009,200000000.0,325286646.0,1.62643323,correct,0.37356677000000005
18239,1,1,0.7585586905479431,0.56,1,The Twilight Saga: New Moon,2009,50000000.0,709827462.0,14.19654924,correct,12.19654924
18240,1,3,0.805594265460968,0.53,1,The Proposal,2009,40000000.0,317400000.0,7.935,correct,5.935
18360,1,4,0.7811533808708191,0.51,1,Night at the Museum: Battle of the Smithsonian,2009,150000000.0,413106170.0,2.754041133333333,correct,0.7540411333333328
18405,1,2,0.4746750891208648,0.54,0,The Last House on the Left,2009,15000000.0,32721635.0,2.181442333333333,false_negative,0.18144233333333304
18480,1,5,0.7233123779296875,0.57,1,Brüno,2009,42000000.0,138805831.0,3.304900738095238,correct,1.3049007380952382
18785,1,5,0.9536646604537964,0.57,1,The Hangover,2009,35000000.0,469310836.0,13.408881028571429,correct,11.408881028571429
18823,1,4,0.7679125070571899,0.51,1,Clash of the Titans,2010,125000000.0,493214993.0,3.945719944,correct,1.945719944
19901,1,2,0.5902987718582153,0.54,1,Daybreakers,2010,20000000.0,51417188.0,2.5708594,correct,0.5708593999999998
19908,1,4,0.9128309488296508,0.51,1,Zombieland,2009,23600000.0,102391540.0,4.338624576271187,correct,2.3386245762711866
19912,1,3,0.7129634618759155,0.53,1,The Final Destination,2009,40000000.0,187384627.0,4.684615675,correct,2.684615675
19913,1,2,0.9376416206359864,0.54,1,(500) Days of Summer,2009,7500000.0,60781545.0,8.104206,correct,6.104206
19959,0,1,0.4522369801998138,0.56,0,Surrogates,2009,80000000.0,122444772.0,1.53055965,correct,0.46944034999999995
19994,0,5,0.6192282438278198,0.57,1,Jennifer's Body,2009,16000000.0,31556061.0,1.9722538125,false_positive,0.02774618750000002
19995,1,5,0.9124582409858704,0.57,1,Avatar,2009,237000000.0,2923706026.0,12.336312345991562,correct,10.336312345991562
20048,1,2,0.8236789703369141,0.54,1,Confessions of a Shopaholic,2009,40000000.0,108394089.0,2.709852225,correct,0.7098522250000001
20352,1,2,0.9727417826652528,0.54,1,Despicable Me,2010,69000000.0,543284256.0,7.873684869565217,correct,5.873684869565217
20453,1,2,0.7500865459442139,0.54,1,3 Idiots,2009,9000000.0,70000000.0,7.777777777777778,correct,5.777777777777778
20455,1,2,0.2432211488485336,0.54,0,Digimon: The Movie,2000,5500000.0,16600000.0,3.018181818181818,false_negative,1.018181818181818
20504,0,1,0.3719984292984009,0.56,0,The Book of Eli,2010,80000000.0,157107755.0,1.9638469375,correct,0.036153062499999944
20526,1,2,0.8233733177185059,0.54,1,TRON: Legacy,2010,170000000.0,409912892.0,2.411252305882353,correct,0.41125230588235295
20662,0,2,0.4138846695423126,0.54,0,Robin Hood,2010,200000000.0,321669741.0,1.608348705,correct,0.39165129499999995
20770,1,4,0.3554400503635406,0.51,0,But I'm a Cheerleader,2000,1200000.0,2600000.0,2.1666666666666665,false_negative,0.16666666666666652
20943,1,3,0.7890769839286804,0.53,1,The Ugly Truth,2009,38000000.0,321700000.0,8.465789473684211,correct,6.465789473684211
21208,1,3,0.946966588497162,0.53,1,Orphan,2009,20000000.0,77912251.0,3.89561255,correct,1.89561255
22164,0,2,0.1599162966012954,0.54,0,Blood and Bone,2009,3700000.0,3492.0,0.0009437837837837,correct,1.9990562162162162
22538,0,2,0.5475313067436218,0.54,1,Scott Pilgrim vs. the World,2010,73000000.0,51825248.0,0.709934904109589,false_positive,1.290065095890411
22794,1,1,0.7962427139282227,0.56,1,Cloudy with a Chance of Meatballs,2009,100000000.0,242988466.0,2.42988466,correct,0.4298846599999999
22803,1,1,0.3002912700176239,0.56,0,Law Abiding Citizen,2009,53000000.0,127900000.0,2.413207547169811,false_negative,0.4132075471698111
22804,1,2,0.8016015291213989,0.54,1,Saw VI,2009,11000000.0,69752402.0,6.341127454545455,correct,4.341127454545455
22825,0,4,0.7999038696289062,0.51,1,The Box,2009,30000000.0,33333531.0,1.1111177,false_positive,0.8888822999999999
22832,0,5,0.139761671423912,0.57,0,Ninja Assassin,2009,40000000.0,61601280.0,1.540032,correct,0.45996799999999993
22881,1,4,0.6790759563446045,0.51,1,The Blind Side,2009,29000000.0,309231694.0,10.663161862068966,correct,8.663161862068966
22894,1,1,0.4753727316856384,0.56,0,Legion,2010,26000000.0,67918658.0,2.6122560769230767,false_negative,0.6122560769230767
22947,1,3,0.9382321834564208,0.53,1,Up in the Air,2009,25000000.0,166842739.0,6.67370956,correct,4.67370956
22970,1,1,0.7553004622459412,0.56,1,The Cabin in the Woods,2012,30000000.0,71038838.0,2.3679612666666667,correct,0.36796126666666673
23168,1,2,0.8095130920410156,0.54,1,The Town,2010,37000000.0,154026136.0,4.162868540540541,correct,2.162868540540541
23398,1,1,0.7377164959907532,0.56,1,Alvin and the Chipmunks: The Squeakquel,2009,75000000.0,443140005.0,5.9085334,correct,3.9085333999999996
23437,1,3,0.6980348825454712,0.53,1,A Nightmare on Elm Street,2010,35000000.0,115665418.0,3.3047262285714285,correct,1.3047262285714285
23483,1,3,0.9577707052230836,0.53,1,Kick-Ass,2010,28000000.0,96188903.0,3.4353179642857143,correct,1.4353179642857143
23629,0,5,0.594195544719696,0.57,1,Sucker Punch,2011,82000000.0,89792502.0,1.095030512195122,false_positive,0.904969487804878
23631,1,5,0.676353394985199,0.57,1,Machete,2010,10500000.0,45491656.0,4.332538666666666,correct,2.3325386666666663
23827,1,2,0.7694140076637268,0.54,1,Paranormal Activity,2007,15000.0,193355800.0,12890.386666666667,correct,12888.386666666667
24021,1,4,0.8798031210899353,0.51,1,The Twilight Saga: Eclipse,2010,68000000.0,698491347.0,10.271931573529413,correct,8.271931573529413
24428,1,2,0.9666066765785216,0.54,1,The Avengers,2012,220000000.0,1518815515.0,6.903706886363636,correct,4.903706886363636
25376,1,2,0.717424750328064,0.54,1,The Secret in Their Eyes,2009,2000000.0,33965843.0,16.9829215,correct,14.9829215
25704,0,4,0.402390718460083,0.51,0,Post Grad,2009,15000000.0,6414729.0,0.4276486,correct,1.5723514
25793,1,1,0.6306136250495911,0.56,1,Precious: Based on the Novel 'Push' by Sapphire,2009,10000000.0,47536959.0,4.7536959,correct,2.7536959000000003
26123,0,4,0.6961098313331604,0.51,1,American Pie Presents: The Book of Love,2009,8000000.0,5021219.0,0.627652375,false_positive,1.372347625
26389,0,1,0.2572070062160492,0.56,0,From Paris with Love,2010,52000000.0,52800000.0,1.015384615384615,correct,0.9846153846153849
26428,0,1,0.4421226978302002,0.56,0,Agora,2009,70000000.0,39457342.0,0.5636763142857143,correct,1.4363236857142856
26466,0,5,0.1101377084851265,0.57,0,Triangle,2009,12000000.0,1594955.0,0.1329129166666666,correct,1.8670870833333333
27022,0,1,0.462079107761383,0.56,0,The Sorcerer's Apprentice,2010,150000000.0,215300000.0,1.4353333333333331,correct,0.5646666666666669
27205,1,4,0.8117970824241638,0.51,1,Inception,2010,160000000.0,839030630.0,5.2439414375,correct,3.2439414375
27578,1,1,0.862714409828186,0.56,1,The Expendables,2010,80000000.0,274470394.0,3.430879925,correct,1.4308799250000002
27581,0,5,0.6566855907440186,0.57,1,The Other Guys,2010,100000000.0,170432927.0,1.70432927,false_positive,0.2956707300000001
27582,0,3,0.9247242212295532,0.53,1,The Mechanic,2011,40000000.0,51070807.0,1.276770175,false_positive,0.723229825
28178,1,2,0.6564131379127502,0.54,1,Hachi: A Dog's Tale,2009,16000000.0,46800000.0,2.925,correct,0.9249999999999998
31011,0,1,0.2323317974805832,0.56,0,Mr. Nobody,2009,47000000.0,2331721.0,0.0496110851063829,correct,1.950388914893617
32657,1,1,0.952193558216095,0.56,1,Percy Jackson & the Olympians: The Lightning Thief,2010,95000000.0,226497209.0,2.384181147368421,correct,0.3841811473684209
32985,0,2,0.180647000670433,0.54,0,Solomon Kane,2009,45000000.0,19700000.0,0.4377777777777777,correct,1.5622222222222222
33217,1,1,0.8620725274085999,0.56,1,Diary of a Wimpy Kid,2010,15000000.0,75700000.0,5.046666666666667,correct,3.046666666666667
34480,0,3,0.2625128924846649,0.53,0,The Descent: Part 2,2009,6000200.0,7048886.0,1.1747751741608614,correct,0.8252248258391386
34544,0,4,0.4847490787506103,0.51,0,The A-Team,2010,110000000.0,177238796.0,1.6112617818181818,correct,0.3887382181818182
34813,0,1,0.3352835774421692,0.56,0,The Losers,2010,25000000.0,23580000.0,0.9432,correct,1.0568
34851,1,2,0.7147710919380188,0.54,1,Predators,2010,40000000.0,127233108.0,3.1808277,correct,1.1808277
35019,1,4,0.8839688301086426,0.51,1,Nanny McPhee and the Big Bang,2010,35000000.0,93251121.0,2.664317742857143,correct,0.664317742857143
36419,0,5,0.1741270124912262,0.57,0,After.Life,2009,4500000.0,3606395.0,0.8014211111111111,correct,1.1985788888888889
36557,1,4,0.8809286952018738,0.51,1,Casino Royale,2006,150000000.0,599045960.0,3.9936397333333336,correct,1.9936397333333336
36586,1,5,0.8837417364120483,0.57,1,Blade II,2002,54000000.0,155010032.0,2.870556148148148,correct,0.8705561481481481
36648,0,3,0.8135251998901367,0.53,1,Blade: Trinity,2004,65000000.0,128905366.0,1.983159476923077,false_positive,0.016840523076923075
36669,1,1,0.8994265794754028,0.56,1,Die Another Day,2002,142000000.0,431971116.0,3.042050112676056,correct,1.0420501126760562
37056,1,4,0.8227034211158752,0.51,1,Letters to Juliet,2010,30000000.0,82148538.0,2.7382846,correct,0.7382846000000001
37169,0,2,0.3998397290706634,0.54,0,The Human Centipede (First Sequence),2009,2000000.0,252207.0,0.1261035,correct,1.8738965
37686,1,5,0.7699616551399231,0.57,1,Super 8,2011,50000000.0,260100000.0,5.202,correct,3.202
37724,1,3,0.926858127117157,0.53,1,Skyfall,2012,200000000.0,1108594176.0,5.54297088,correct,3.5429708800000004
37735,1,2,0.8002414107322693,0.54,1,Easy A,2010,8000000.0,75026327.0,9.378290875,correct,7.378290874999999
37786,1,1,0.7380836606025696,0.56,1,Sex and the City 2,2010,100000000.0,290700000.0,2.907,correct,0.907
37799,1,2,0.9738051891326904,0.54,1,The Social Network,2010,40000000.0,224920315.0,5.623007875,correct,3.623007875
37821,0,3,0.3534777164459228,0.53,0,Killers,2010,75000000.0,98159963.0,1.308799506666667,correct,0.6912004933333331
37834,1,4,0.538898229598999,0.51,1,Knight and Day,2010,117000000.0,261989769.0,2.239228794871795,correct,0.23922879487179483
37958,1,1,0.31633460521698,0.56,0,Immortals,2011,75000000.0,226904017.0,3.025386893333333,false_negative,1.0253868933333332
38050,1,2,0.8169637322425842,0.54,1,The Adjustment Bureau,2011,50200000.0,127900000.0,2.547808764940239,correct,0.547808764940239
38055,1,1,0.8773615956306458,0.56,1,Megamind,2010,130000000.0,321885765.0,2.476044346153846,correct,0.47604434615384594
38167,1,1,0.7128899693489075,0.56,1,Eat Pray Love,2010,60000000.0,204594016.0,3.4099002666666665,correct,1.4099002666666665
38234,1,4,0.5452925562858582,0.51,1,Undisputed III: Redemption,2010,3000000.0,76500000.0,25.5,correct,23.5
38321,0,1,0.3116941452026367,0.56,0,Priest,2011,60000000.0,84154026.0,1.4025671,correct,0.5974329
38365,1,1,0.9379332065582277,0.56,1,Grown Ups,2010,80000000.0,271457606.0,3.393220075,correct,1.393220075
38575,1,5,0.8505212664604187,0.57,1,The Karate Kid,2010,40000000.0,359126022.0,8.97815055,correct,6.9781505500000005
38684,1,1,0.9289436340332032,0.56,1,Jane Eyre,2011,13000000.0,34710627.0,2.670048230769231,correct,0.6700482307692308
38700,1,1,0.7345587015151978,0.56,1,Bad Boys for Life,2020,90000000.0,426505244.0,4.738947155555556,correct,2.7389471555555556
38757,1,4,0.9194029569625854,0.51,1,Tangled,2010,260000000.0,592461732.0,2.2786989692307693,correct,0.2786989692307693
39254,1,2,0.5313776135444641,0.54,0,Real Steel,2011,110000000.0,299300000.0,2.7209090909090907,false_negative,0.7209090909090907
39468,0,1,0.2641240954399109,0.56,0,Godzilla vs. Megaguirus,2000,8300000.0,11068800.0,1.3335903614457831,correct,0.6664096385542169
39513,1,1,0.8155770301818848,0.56,1,Paul,2011,40000000.0,98000000.0,2.45,correct,0.4500000000000002
39514,1,2,0.9083704948425292,0.54,1,RED,2010,58000000.0,199006387.0,3.431144603448276,correct,1.431144603448276
39538,1,2,0.7643388509750366,0.54,1,Contagion,2011,60000000.0,137551594.0,2.2925265666666665,correct,0.29252656666666654
39939,1,5,0.5135474801063538,0.57,0,Super Troopers,2001,3000000.0,23182223.0,7.727407666666666,false_negative,5.727407666666666
40264,1,5,0.8794251680374146,0.57,1,Vampires Suck,2010,20000000.0,80547866.0,4.0273933,correct,2.0273933
41154,1,3,0.9128348231315612,0.53,1,Men in Black 3,2012,225000000.0,654213485.0,2.9076154888888888,correct,0.9076154888888888
41216,0,3,0.3145476579666137,0.53,0,Legend of the Guardians: The Owls of Ga'Hoole,2010,80000000.0,140073390.0,1.750917375,correct,0.249082625
41283,0,5,0.3572497963905334,0.57,0,Faster,2010,24000000.0,23081726.0,0.9617385833333332,correct,1.0382614166666668
41439,1,3,0.9544185400009156,0.53,1,Saw 3D,2010,17000000.0,136151680.0,8.008922352941177,correct,6.008922352941177
41446,1,2,0.9069702625274658,0.54,1,Scream 4,2011,40000000.0,97231420.0,2.4307855,correct,0.4307854999999998
41513,1,2,0.8695101737976074,0.54,1,The Smurfs,2011,110000000.0,563749323.0,5.124993845454545,correct,3.1249938454545454
41630,1,4,0.8971178531646729,0.51,1,No Strings Attached,2011,25000000.0,149200000.0,5.968,correct,3.968
41733,1,5,0.4518485069274902,0.57,0,Due Date,2010,65000000.0,211800000.0,3.2584615384615385,false_negative,1.2584615384615385
43074,0,2,0.3743615448474884,0.54,0,Ghostbusters,2016,144000000.0,229147509.0,1.5913021458333334,correct,0.4086978541666666
43347,1,2,0.7707870602607727,0.54,1,Love & Other Drugs,2010,30000000.0,102800000.0,3.4266666666666667,correct,1.4266666666666667
43593,1,3,0.823981523513794,0.53,1,Piranha 3D,2010,24000000.0,83188165.0,3.4661735416666666,correct,1.4661735416666666
43947,0,3,0.5290873646736145,0.53,0,I Spit on Your Grave,2010,2000000.0,572809.0,0.2864045,correct,1.7135955
43949,0,5,0.378722220659256,0.57,0,Flipped,2010,14000000.0,4324817.0,0.3089155,correct,1.6910845
44048,0,3,0.4879187643527984,0.53,0,Unstoppable,2010,100000000.0,167805466.0,1.67805466,correct,0.3219453400000001
44115,0,3,0.8000934720039368,0.53,1,127 Hours,2010,18000000.0,35700000.0,1.9833333333333332,false_positive,0.01666666666666683
44214,1,3,0.9107925295829772,0.53,1,Black Swan,2010,13000000.0,329398046.0,25.338311230769232,correct,23.338311230769232
44264,1,3,0.8917413949966431,0.53,1,True Grit,2010,38000000.0,252300000.0,6.639473684210526,correct,4.639473684210526
44833,0,1,0.3573116362094879,0.56,0,Battleship,2012,209000000.0,303025485.0,1.4498827033492825,correct,0.5501172966507175
44835,0,3,0.2114402949810028,0.53,0,Hesher,2010,7000000.0,449702.0,0.0642431428571428,correct,1.9357568571428572
44896,0,3,0.6419551968574524,0.53,1,Rango,2011,135000000.0,245724603.0,1.8201822444444444,false_positive,0.17981775555555557
44912,0,5,0.2101995795965194,0.57,0,Green Lantern,2011,200000000.0,219851172.0,1.09925586,correct,0.90074414
44943,1,5,0.6457700133323669,0.57,1,Battle: Los Angeles,2011,70000000.0,211800000.0,3.025714285714286,correct,1.0257142857142858
45243,1,3,0.951772928237915,0.53,1,The Hangover Part II,2011,80000000.0,586764305.0,7.3345538125,correct,5.3345538125
45269,1,4,0.8222996592521667,0.51,1,The King's Speech,2010,15000000.0,414211549.0,27.614103266666667,correct,25.614103266666667
45612,1,3,0.8518416881561279,0.53,1,Source Code,2011,32000000.0,147332697.0,4.60414678125,correct,2.60414678125
46195,1,2,0.9689101576805116,0.54,1,Rio,2011,90000000.0,483866772.0,5.376297466666666,correct,3.3762974666666663
46529,1,5,0.2254266291856765,0.57,0,I Am Number Four,2011,50000000.0,149900000.0,2.998,false_negative,0.9980000000000002
46738,0,4,0.6452329158782959,0.51,1,Incendies,2010,6800000.0,6788659.0,0.9983322058823528,false_positive,1.001667794117647
47933,1,4,0.8958020806312561,0.51,1,Independence Day: Resurgence,2016,165000000.0,389681935.0,2.3617086969696968,correct,0.36170869696969676
47964,1,1,0.8605276942253113,0.56,1,A Good Day to Die Hard,2013,92000000.0,304654182.0,3.3114585,correct,1.3114585
47971,1,1,0.55109041929245,0.56,0,xXx: Return of Xander Cage,2017,85000000.0,346118277.0,4.071979729411765,false_negative,2.0719797294117646
48138,1,2,0.4509360492229461,0.54,0,Unknown,2011,30000000.0,130786397.0,4.359546566666666,false_negative,2.3595465666666664
49013,1,4,0.8810952305793762,0.51,1,Cars 2,2011,200000000.0,559852396.0,2.79926198,correct,0.7992619799999998
49017,1,4,0.4321744441986084,0.51,0,Dracula Untold,2014,70000000.0,217124280.0,3.1017754285714285,false_negative,1.1017754285714285
49018,1,5,0.9372103214263916,0.57,1,Insidious,2011,1500000.0,100106454.0,66.737636,correct,64.737636
49020,0,1,0.7302053570747375,0.56,1,Submarine,2011,1500000.0,864659.0,0.5764393333333333,false_positive,1.4235606666666667
49026,1,4,0.9296789765357972,0.51,1,The Dark Knight Rises,2012,250000000.0,1081041287.0,4.324165148,correct,2.3241651479999996
49040,1,1,0.9316824674606324,0.56,1,The Bourne Legacy,2012,130000000.0,276600000.0,2.127692307692308,correct,0.12769230769230822
49047,1,2,0.5455030202865601,0.54,1,Gravity,2013,105000000.0,723192705.0,6.887549571428571,correct,4.887549571428571
49049,0,2,0.1937043219804763,0.54,0,Dredd,2012,50000000.0,41037742.0,0.82075484,correct,1.17924516
49051,1,2,0.9020943641662598,0.54,1,The Hobbit: An Unexpected Journey,2012,250000000.0,1021103568.0,4.084414272,correct,2.084414272
49444,1,4,0.9041683077812196,0.51,1,Kung Fu Panda 2,2011,150000000.0,665692281.0,4.43794854,correct,2.43794854
49517,1,1,0.5819674134254456,0.56,1,Tinker Tailor Soldier Spy,2011,30000000.0,81515369.0,2.717178966666667,correct,0.7171789666666668
49519,1,3,0.9538659453392028,0.53,1,The Croods,2013,135000000.0,587204668.0,4.349664207407408,correct,2.3496642074074083
49520,0,5,0.8046764731407166,0.57,1,The Change-Up,2011,52000000.0,75500000.0,1.4519230769230769,false_positive,0.5480769230769231
49521,1,1,0.817315399646759,0.56,1,Man of Steel,2013,225000000.0,668045518.0,2.969091191111111,correct,0.9690911911111111
49529,0,2,0.6280924677848816,0.54,1,John Carter,2012,263700000.0,284100000.0,1.0773606370875994,false_positive,0.9226393629124006
49530,1,4,0.6324329972267151,0.51,1,In Time,2011,40000000.0,173900000.0,4.3475,correct,2.3475
49730,1,3,0.6789584755897522,0.53,1,Red Riding Hood,2011,42000000.0,89162162.0,2.122908619047619,correct,0.12290861904761918
49797,1,3,0.6811597347259521,0.53,1,I Saw the Devil,2010,6000000.0,12966357.0,2.1610595,correct,0.1610594999999999
49849,0,2,0.3194603621959686,0.54,0,Cowboys & Aliens,2011,163000000.0,174822325.0,1.0725296012269938,correct,0.9274703987730062
50014,1,4,0.9183316826820374,0.51,1,The Help,2011,25000000.0,216600000.0,8.664,correct,6.664
50348,1,2,0.8239928483963013,0.54,1,The Lincoln Lawyer,2011,40000000.0,85412898.0,2.13532245,correct,0.13532244999999987
50359,1,3,0.4242896139621734,0.53,0,Hop,2011,63000000.0,183953723.0,2.919900365079365,false_negative,0.9199003650793651
50544,1,2,0.8325061798095703,0.54,1,Friends with Benefits,2011,35000000.0,149500000.0,4.271428571428571,correct,2.2714285714285714
50546,1,1,0.829498827457428,0.56,1,Just Go with It,2011,80000000.0,214945591.0,2.6868198875,correct,0.6868198875
50619,1,4,0.8732768893241882,0.51,1,The Twilight Saga: Breaking Dawn - Part 1,2011,110000000.0,712171856.0,6.4742896,correct,4.4742896
50620,1,4,0.9568665623664856,0.51,1,The Twilight Saga: Breaking Dawn - Part 2,2012,120000000.0,829747654.0,6.9145637833333335,correct,4.9145637833333335
50646,1,3,0.8034528493881226,0.53,1,"Crazy, Stupid, Love.",2011,50000000.0,145079584.0,2.90159168,correct,0.9015916800000001
50839,1,5,0.7483847737312317,0.57,1,Margin Call,2011,3500000.0,19504039.0,5.572582571428572,correct,3.5725825714285717
51540,1,1,0.9321882128715516,0.56,1,Horrible Bosses,2011,35000000.0,209838559.0,5.9953874,correct,3.9953874000000003
51608,1,5,0.4864526689052582,0.57,0,The Man from Nowhere,2010,1255000.0,43059790.0,34.31058964143426,false_negative,32.31058964143426
51739,1,3,0.3543367683887481,0.53,0,The Secret World of Arrietty,2010,23000000.0,149660003.0,6.506956652173913,false_negative,4.506956652173913
51828,1,1,0.8740522265434265,0.56,1,One Day,2011,15000000.0,59400000.0,3.96,correct,1.96
51876,1,1,0.9127420783042908,0.56,1,Limitless,2011,27000000.0,161900000.0,5.996296296296296,correct,3.996296296296296
52449,1,1,0.7421963810920715,0.56,1,Bad Teacher,2011,20000000.0,216197492.0,10.8098746,correct,8.8098746
52451,0,5,0.2244085967540741,0.57,0,The Three Musketeers,2011,75000000.0,132274484.0,1.7636597866666666,correct,0.23634021333333344
52520,1,5,0.7979843616485596,0.57,1,Underworld: Awakening,2012,70000000.0,160112671.0,2.2873238714285717,correct,0.28732387142857174
53182,1,4,0.778577446937561,0.51,1,300: Rise of an Empire,2014,110000000.0,337580051.0,3.0689095545454546,correct,1.0689095545454546
54138,1,3,0.8823249936103821,0.53,1,Star Trek Into Darkness,2013,190000000.0,467381584.0,2.4599030736842105,correct,0.45990307368421046
55301,1,5,0.8854511380195618,0.57,1,Alvin and the Chipmunks: Chipwrecked,2011,75000000.0,342695435.0,4.569272466666667,correct,2.569272466666667
55721,1,5,0.9110540747642516,0.57,1,Bridesmaids,2011,32500000.0,288383523.0,8.87333916923077,correct,6.8733391692307695
55779,1,5,0.8624950647354126,0.57,1,Final Destination 5,2011,40000000.0,157887643.0,3.947191075,correct,1.947191075
55931,1,1,0.1626098155975341,0.56,0,The Animatrix,2003,5000000.0,68000000.0,13.6,false_negative,11.6
56292,1,4,0.9427197575569152,0.51,1,Mission: Impossible - Ghost Protocol,2011,145000000.0,694713380.0,4.79112675862069,correct,2.79112675862069
57158,1,2,0.9024259448051452,0.54,1,The Hobbit: The Desolation of Smaug,2013,250000000.0,958400000.0,3.8336,correct,1.8336000000000001
57165,1,5,0.8509788513183594,0.57,1,Wrath of the Titans,2012,150000000.0,301970083.0,2.0131338866666666,correct,0.013133886666666594
57201,0,2,0.4969418346881866,0.54,0,The Lone Ranger,2013,215000000.0,260502115.0,1.2116377441860464,correct,0.7883622558139536
57212,1,1,0.580657422542572,0.56,1,War Horse,2011,66000000.0,177584879.0,2.690679984848485,correct,0.6906799848484848
57214,1,3,0.7911852598190308,0.53,1,Project X,2012,12000000.0,102731865.0,8.56098875,correct,6.56098875
57800,1,4,0.971196949481964,0.51,1,Ice Age: Continental Drift,2012,95000000.0,877244782.0,9.2341556,correct,7.234155599999999
58233,1,1,0.8887520432472229,0.56,1,Johnny English Reborn,2011,45000000.0,160078586.0,3.5573019111111117,correct,1.5573019111111117
58574,1,3,0.9582927227020264,0.53,1,Sherlock Holmes: A Game of Shadows,2011,125000000.0,334615000.0,2.67692,correct,0.67692
58595,1,4,0.9249192476272584,0.51,1,Snow White and the Huntsman,2012,170000000.0,396600000.0,2.3329411764705883,correct,0.3329411764705883
59436,1,5,0.9002663493156433,0.57,1,Midnight in Paris,2011,17000000.0,151119219.0,8.889365823529412,correct,6.8893658235294115
59440,0,5,0.8157265782356262,0.57,1,Warrior,2011,25000000.0,23300000.0,0.932,false_positive,1.068
59859,1,3,0.92156583070755,0.53,1,Kick-Ass 2,2013,28000000.0,60795985.0,2.1712851785714284,correct,0.17128517857142844
59967,0,3,0.6961230635643005,0.53,1,Looper,2012,30000000.0,47042000.0,1.5680666666666667,false_positive,0.4319333333333333
60304,1,3,0.3568508923053741,0.53,0,Hansel & Gretel: Witch Hunters,2013,50000000.0,226349749.0,4.52699498,false_negative,2.5269949799999996
60308,1,4,0.7260051965713501,0.51,1,Moneyball,2011,50000000.0,110206216.0,2.20412432,correct,0.20412432000000003
60935,0,3,0.8147189021110535,0.53,1,The Thing,2011,35000000.0,31505287.0,0.9001510571428571,false_positive,1.0998489428571427
61791,1,5,0.9148319959640504,0.57,1,Rise of the Planet of the Apes,2011,93000000.0,481800873.0,5.180654548387097,correct,3.180654548387097
62177,1,4,0.4714213907718658,0.51,0,Brave,2012,185000000.0,538983207.0,2.9134227405405406,false_negative,0.9134227405405406
62211,1,2,0.937821924686432,0.54,1,Monsters University,2013,200000000.0,743559465.0,3.717797325,correct,1.7177973249999998
62213,0,2,0.780366837978363,0.54,1,Dark Shadows,2012,150000000.0,245527149.0,1.63684766,false_positive,0.3631523400000001
62214,1,5,0.5559859275817871,0.57,0,Frankenweenie,2012,39000000.0,81493846.0,2.089585794871795,false_negative,0.08958579487179508
62835,0,3,0.7371334433555603,0.53,1,Colombiana,2011,40000000.0,71508440.0,1.787711,false_positive,0.21228899999999995
63311,1,5,0.7147220969200134,0.57,1,The Skin I Live In,2011,13000000.0,33750478.0,2.5961906153846157,correct,0.5961906153846157
64635,0,2,0.519837498664856,0.54,0,Total Recall,2012,125000000.0,198800000.0,1.5904,correct,0.40959999999999996
64682,1,1,0.8262819647789001,0.56,1,The Great Gatsby,2013,105000000.0,351040419.0,3.343242085714285,correct,1.343242085714285
64688,1,1,0.9458267092704772,0.56,1,21 Jump Street,2012,42000000.0,201585328.0,4.7996506666666665,correct,2.7996506666666665
64690,1,5,0.8107834458351135,0.57,1,Drive,2011,15000000.0,79713640.0,5.314242666666667,correct,3.314242666666667
65229,0,4,0.3153023421764374,0.51,0,Tomboy,2011,1000000.0,1424716.0,1.424716,correct,0.5752839999999999
65754,1,3,0.9428625106811525,0.53,1,The Girl with the Dragon Tattoo,2011,90000000.0,232617430.0,2.584638111111111,correct,0.584638111111111
67748,0,1,0.3134952783584595,0.56,0,Snowtown,2011,2000000.0,1349387.0,0.6746935,correct,1.3253065
68718,1,3,0.812989354133606,0.53,1,Django Unchained,2012,100000000.0,425368238.0,4.25368238,correct,2.25368238
68721,1,3,0.922112762928009,0.53,1,Iron Man 3,2013,200000000.0,1215577205.0,6.077886025,correct,4.077886025
68724,1,1,0.260705292224884,0.56,0,Elysium,2013,115000000.0,286140700.0,2.48818,false_negative,0.48817999999999984
68726,1,4,0.9308373928070068,0.51,1,Pacific Rim,2013,180000000.0,411000000.0,2.283333333333333,correct,0.2833333333333332
68728,1,2,0.5714202523231506,0.54,1,Oz the Great and Powerful,2013,200000000.0,491868548.0,2.45934274,correct,0.45934273999999986
68734,1,4,0.8608561158180237,0.51,1,Argo,2012,44500000.0,232300000.0,5.220224719101124,correct,3.2202247191011244
68735,1,1,0.3321290612220764,0.56,0,Warcraft,2016,160000000.0,433677183.0,2.71048239375,false_negative,0.71048239375
70160,1,5,0.9152325391769408,0.57,1,The Hunger Games,2012,75000000.0,694000000.0,9.253333333333334,correct,7.253333333333334
70981,1,1,0.9173173904418944,0.56,1,Prometheus,2012,130000000.0,403354469.0,3.1027266846153845,correct,1.1027266846153845
71552,1,5,0.9582284688949584,0.57,1,American Reunion,2012,50000000.0,234989584.0,4.69979168,correct,2.6997916799999997
71668,0,5,0.7105277180671692,0.57,1,Piranha 3DD,2012,5000000.0,8493728.0,1.6987456,false_positive,0.3012543999999999
71676,1,5,0.842284083366394,0.57,1,Ghost Rider: Spirit of Vengeance,2011,57000000.0,132563930.0,2.3256829824561405,correct,0.32568298245614047
72105,1,1,0.901539981365204,0.56,1,Ted,2012,50000000.0,549368315.0,10.9873663,correct,8.9873663
72190,1,1,0.7455615997314453,0.56,1,World War Z,2013,200000000.0,531865000.0,2.659325,correct,0.6593249999999999
72387,0,1,0.3841080665588379,0.56,0,Safe,2012,30000000.0,40300000.0,1.3433333333333333,correct,0.6566666666666667
72545,1,4,0.9097352027893066,0.51,1,Journey 2: The Mysterious Island,2012,79000000.0,355692760.0,4.50244,correct,2.50244
72559,1,4,0.8885272741317749,0.51,1,G.I. Joe: Retaliation,2013,130000000.0,371900000.0,2.8607692307692307,correct,0.8607692307692307
72570,1,5,0.8627846837043762,0.57,1,The Vow,2012,30000000.0,196114570.0,6.537152333333333,correct,4.537152333333333
72976,1,2,0.9135650992393494,0.54,1,Lincoln,2012,65000000.0,275300000.0,4.235384615384615,correct,2.235384615384615
73723,1,3,0.7688409090042114,0.53,1,The Lorax,2012,70000000.0,349305397.0,4.9900771,correct,2.9900770999999997
75612,1,5,0.1514887064695358,0.57,0,Oblivion,2013,120000000.0,286168572.0,2.3847381,false_negative,0.38473809999999986
75656,1,4,0.9760013818740844,0.51,1,Now You See Me,2013,75000000.0,351723989.0,4.689653186666667,correct,2.689653186666667
75674,1,4,0.726494312286377,0.51,1,Act of Valor,2012,12000000.0,82499399.0,6.874949916666667,correct,4.874949916666667
75780,1,5,0.9731780290603638,0.57,1,Jack Reacher,2012,60000000.0,218300000.0,3.638333333333333,correct,1.6383333333333332
76025,0,4,0.5777541995048523,0.51,1,Shame,2011,6500000.0,3909002.0,0.601384923076923,false_positive,1.398615076923077
76163,1,1,0.6872429847717285,0.56,1,The Expendables 2,2012,100000000.0,314975955.0,3.14975955,correct,1.1497595500000002
76203,1,3,0.8413220047950745,0.53,1,12 Years a Slave,2013,20000000.0,187000000.0,9.35,correct,7.35
76338,1,4,0.9232640266418456,0.51,1,Thor: The Dark World,2013,170000000.0,644783140.0,3.792842,correct,1.7928419999999998
76341,1,3,0.9224447011947632,0.53,1,Mad Max: Fury Road,2015,150000000.0,378858340.0,2.5257222666666665,correct,0.5257222666666665
76492,1,1,0.892245352268219,0.56,1,Hotel Transylvania,2012,85000000.0,358375603.0,4.216183564705882,correct,2.216183564705882
76493,1,1,0.4929770529270172,0.56,0,The Dictator,2012,65000000.0,179379533.0,2.759685123076923,false_negative,0.759685123076923
76600,1,2,0.8482653498649597,0.54,1,Avatar: The Way of Water,2022,460000000.0,2334484620.0,5.074966565217391,correct,3.074966565217391
76726,1,1,0.8732713460922241,0.56,1,Chronicle,2012,15000000.0,145000000.0,9.666666666666666,correct,7.666666666666666
76757,0,4,0.7345098257064819,0.51,1,Jupiter Ascending,2015,176000000.0,184000000.0,1.0454545454545454,false_positive,0.9545454545454546
77174,0,1,0.6415666341781616,0.56,1,ParaNorman,2012,60000000.0,107307220.0,1.7884536666666666,false_positive,0.2115463333333334
77338,1,2,0.924814224243164,0.54,1,The Intouchables,2011,13000000.0,426590315.0,32.814639615384614,correct,30.814639615384614
77805,0,3,0.3271937966346741,0.53,0,Lovelace,2013,10000000.0,1585582.0,0.1585582,correct,1.8414418
77950,1,2,0.7899698615074158,0.54,1,Turbo,2013,135000000.0,282570682.0,2.093116162962963,correct,0.09311616296296288
80274,0,5,0.3238913118839264,0.57,0,Ender's Game,2013,110000000.0,125537191.0,1.1412471909090909,correct,0.8587528090909091
80278,1,4,0.8680359125137329,0.51,1,The Impossible,2012,45000000.0,198100000.0,4.402222222222222,correct,2.402222222222222
80321,1,3,0.9679968953132628,0.53,1,Madagascar 3: Europe's Most Wanted,2012,145000000.0,746921274.0,5.1511812,correct,3.1511812
81005,0,4,0.206157311797142,0.51,0,Jack the Giant Slayer,2013,195000000.0,197700000.0,1.0138461538461538,correct,0.9861538461538462
81188,1,1,0.3171099424362182,0.56,0,Rise of the Guardians,2012,145000000.0,306941670.0,2.116839103448276,false_negative,0.11683910344827586
82507,1,3,0.8742334246635437,0.53,1,Sinister,2012,3000000.0,82515113.0,27.505037666666663,correct,25.505037666666663
82675,1,3,0.8793553113937378,0.53,1,Taken 2,2012,45000000.0,376100000.0,8.357777777777779,correct,6.357777777777779
82690,1,1,0.932263970375061,0.56,1,Wreck-It Ralph,2012,165000000.0,471222889.0,2.855896296969697,correct,0.8558962969696968
82693,1,4,0.9347960352897644,0.51,1,Silver Linings Playbook,2012,21000000.0,236412453.0,11.257735857142857,correct,9.257735857142857
82695,1,3,0.7543572187423706,0.53,1,Les Misérables,2012,61000000.0,442636309.0,7.256332934426229,correct,5.256332934426229
82702,1,2,0.8610670566558838,0.54,1,How to Train Your Dragon 2,2014,145000000.0,621537519.0,4.286465648275862,correct,2.286465648275862
82703,0,4,0.8757633566856384,0.51,1,Mr. Peabody & Sherman,2014,145000000.0,272912430.0,1.8821546896551724,false_positive,0.11784531034482759
83533,1,3,0.6797901391983032,0.53,1,Avatar: Fire and Ash,2025,350000000.0,1490477656.0,4.258507588571429,correct,2.2585075885714287
83542,0,1,0.1531155705451965,0.56,0,Cloud Atlas,2012,102000000.0,130482868.0,1.2792438039215686,correct,0.7207561960784314
83686,1,2,0.5584735870361328,0.54,1,The Words,2012,6000000.0,13231461.0,2.2052435,correct,0.2052434999999999
84892,1,2,0.8960394859313965,0.54,1,The Perks of Being a Wallflower,2012,13000000.0,33384127.0,2.5680097692307693,correct,0.5680097692307693
86834,1,3,0.6158311367034912,0.53,1,Noah,2014,125000000.0,362600000.0,2.9008,correct,0.9007999999999998
87101,1,1,0.9421182870864868,0.56,1,Terminator Genisys,2015,155000000.0,440603537.0,2.842603464516129,correct,0.8426034645161291
87421,1,4,0.823553740978241,0.51,1,Riddick,2013,38000000.0,98337295.0,2.587823552631579,correct,0.5878235526315789
87428,0,5,0.6773805618286133,0.57,1,That's My Boy,2012,70000000.0,57719093.0,0.8245584714285714,false_positive,1.1754415285714286
87502,1,3,0.9276376962661744,0.53,1,Flight,2012,31000000.0,161772575.0,5.218470161290322,correct,3.2184701612903224
87827,1,1,0.882267951965332,0.56,1,Life of Pi,2012,120000000.0,609016565.0,5.0751380416666665,correct,3.0751380416666665
88751,1,3,0.9130626916885376,0.53,1,Journey to the Center of the Earth,2008,45000000.0,101702060.0,2.2600457777777776,correct,0.2600457777777776
91314,1,2,0.8370824456214905,0.54,1,Transformers: Age of Extinction,2014,210000000.0,1105261713.0,5.2631510142857145,correct,3.2631510142857145
91586,1,2,0.9575948119163512,0.54,1,Insidious: Chapter 2,2013,5000000.0,161921515.0,32.384303,correct,30.384303000000003
93456,1,3,0.9532854557037354,0.53,1,Despicable Me 2,2013,76000000.0,970766005.0,12.773236907894736,correct,10.773236907894736
94329,1,3,0.8507176637649536,0.53,1,The Raid,2012,1100000.0,9148519.0,8.316835454545455,correct,6.316835454545455
96721,1,3,0.6901400685310364,0.53,1,Rush,2013,38000000.0,90200000.0,2.373684210526316,correct,0.37368421052631584
97020,1,4,0.5039703249931335,0.51,0,RoboCop,2014,120000000.0,242688965.0,2.0224080416666665,false_negative,0.022408041666666545
97630,1,2,0.8178799152374268,0.54,1,Zero Dark Thirty,2012,40000000.0,132800000.0,3.32,correct,1.3199999999999998
98566,1,5,0.9519294500350952,0.57,1,Teenage Mutant Ninja Turtles,2014,125000000.0,485004754.0,3.880038032,correct,1.8800380319999999
99861,1,4,0.942778468132019,0.51,1,Avengers: Age of Ultron,2015,235000000.0,1405403694.0,5.98044125106383,correct,3.98044125106383
100042,1,2,0.9715075492858888,0.54,1,Dumb and Dumber To,2014,40000000.0,169837010.0,4.24592525,correct,2.24592525
100402,1,1,0.8869946002960205,0.56,1,Captain America: The Winter Soldier,2014,170000000.0,714766572.0,4.204509247058824,correct,2.204509247058824
101299,1,2,0.969862461090088,0.54,1,The Hunger Games: Catching Fire,2013,130000000.0,865011746.0,6.653936507692308,correct,4.653936507692308
102382,1,2,0.8832800984382629,0.54,1,The Amazing Spider-Man 2,2014,200000000.0,716934779.0,3.584673895,correct,1.5846738949999999
102651,1,1,0.8958455324172974,0.56,1,Maleficent,2014,180000000.0,758539785.0,4.214109916666667,correct,2.2141099166666667
102899,1,2,0.9746732115745544,0.54,1,Ant-Man,2015,130000000.0,519311965.0,3.9947074230769233,correct,1.9947074230769233
103663,1,4,0.71137934923172,0.51,1,The Hunt,2012,3800000.0,18300000.0,4.815789473684211,correct,2.8157894736842106
105864,0,3,0.6580982208251953,0.53,1,The Good Dinosaur,2015,175000000.0,332207671.0,1.8983295485714289,false_positive,0.10167045142857112
106646,1,2,0.8569546937942505,0.54,1,The Wolf of Wall Street,2013,100000000.0,407038432.0,4.07038432,correct,2.0703843199999996
107846,1,3,0.9196263551712036,0.53,1,Escape Plan,2013,50000000.0,137328301.0,2.74656602,correct,0.7465660199999999
107985,1,2,0.8821763396263123,0.54,1,The World's End,2013,20000000.0,46100000.0,2.305,correct,0.30500000000000016
109091,1,4,0.6741089820861816,0.51,1,The Counselor,2013,25000000.0,71009334.0,2.84037336,correct,0.8403733600000001
109414,1,4,0.9010274410247804,0.51,1,This Is the End,2013,32000000.0,126041322.0,3.9387913125,correct,1.9387913124999998
109418,1,4,0.978684902191162,0.51,1,Grown Ups 2,2013,80000000.0,247022278.0,3.087778475,correct,1.087778475
109424,1,5,0.6870272159576416,0.57,1,Captain Phillips,2013,55000000.0,218791811.0,3.9780329272727273,correct,1.9780329272727273
109428,1,2,0.8952803611755371,0.54,1,Evil Dead,2013,17000000.0,99010045.0,5.824120294117647,correct,3.8241202941176473
109431,1,3,0.8280521631240845,0.53,1,Identity Thief,2013,35000000.0,173965010.0,4.970428857142857,correct,2.970428857142857
109439,1,2,0.9115576148033142,0.54,1,The Hangover Part III,2013,103000000.0,362000072.0,3.514563805825243,correct,1.5145638058252429
109445,1,2,0.9240838885307312,0.54,1,Frozen,2013,150000000.0,1274219009.0,8.494793393333333,correct,6.4947933933333335
109451,1,1,0.894340991973877,0.56,1,Cloudy with a Chance of Meatballs 2,2013,78000000.0,248384621.0,3.184418217948718,correct,1.1844182179487182
110415,1,2,0.6072646975517273,0.54,1,Snowpiercer,2013,39200000.0,86758912.0,2.2132375510204083,correct,0.2132375510204083
111190,0,2,0.2944677770137787,0.54,0,Adoration,2013,16000000.0,1600000.0,0.1,correct,1.9
114150,1,3,0.9643531441688538,0.53,1,Pitch Perfect,2012,17000000.0,115647737.0,6.80280805882353,correct,4.80280805882353
116149,1,5,0.8910292387008667,0.57,1,Paddington,2014,55000000.0,333960862.0,6.0720156727272725,correct,4.0720156727272725
116711,1,1,0.7011438012123108,0.56,1,Epic,2013,100000000.0,268426634.0,2.68426634,correct,0.6842663400000002
116745,1,1,0.6488981246948242,0.56,1,The Secret Life of Walter Mitty,2013,90000000.0,188133322.0,2.0903702444444443,correct,0.0903702444444443
117251,0,1,0.4413273930549621,0.56,0,White House Down,2013,150000000.0,205366737.0,1.36911158,correct,0.63088842
117263,1,4,0.9541328549385072,0.51,1,Olympus Has Fallen,2013,70000000.0,170270201.0,2.4324314428571427,correct,0.43243144285714274
118340,1,4,0.9768747091293336,0.51,1,Guardians of the Galaxy,2014,170000000.0,772776600.0,4.545744705882353,correct,2.5457447058823526
119450,1,3,0.9443352818489076,0.53,1,Dawn of the Planet of the Apes,2014,170000000.0,710644566.0,4.180262152941176,correct,2.180262152941176
120467,1,4,0.8299711346626282,0.51,1,The Grand Budapest Hotel,2014,30000000.0,174600318.0,5.8200106,correct,3.8200106
122906,1,5,0.8983307480812073,0.57,1,About Time,2013,12000000.0,87100449.0,7.25837075,correct,5.25837075
122917,1,1,0.8522839546203613,0.56,1,The Hobbit: The Battle of the Five Armies,2014,250000000.0,956019788.0,3.824079152,correct,1.824079152
123553,0,4,0.2474586814641952,0.51,0,The Mortal Instruments: City of Bones,2013,60000000.0,95396573.0,1.5899428833333331,correct,0.4100571166666669
124905,1,4,0.9564294219017028,0.51,1,Godzilla,2014,160000000.0,524978362.0,3.2811147625,correct,1.2811147625000001
126889,1,5,0.90316504240036,0.57,1,Alien: Covenant,2017,97000000.0,240891763.0,2.483420237113402,correct,0.483420237113402
127380,1,5,0.9390734434127808,0.57,1,Finding Dory,2016,200000000.0,1029266989.0,5.146334945,correct,3.1463349450000004
127585,1,5,0.940286099910736,0.57,1,X-Men: Days of Future Past,2014,250000000.0,748045700.0,2.9921828,correct,0.9921828000000001
131631,1,1,0.8818197846412659,0.56,1,The Hunger Games: Mockingjay - Part 1,2014,125000000.0,755356711.0,6.042853688,correct,4.042853688
131634,1,5,0.93937087059021,0.57,1,The Hunger Games: Mockingjay - Part 2,2015,160000000.0,653428261.0,4.08392663125,correct,2.0839266312499998
132232,1,5,0.7685095071792603,0.57,1,Mama,2013,15000000.0,146428180.0,9.761878666666666,correct,7.761878666666666
132344,1,2,0.8051904439926147,0.54,1,Before Midnight,2013,3000000.0,11176469.0,3.725489666666667,correct,1.7254896666666668
135397,1,5,0.9440540075302124,0.57,1,Jurassic World,2015,150000000.0,1671537444.0,11.14358296,correct,9.14358296
136418,0,1,0.4292640089988708,0.56,0,Hummingbird,2013,20000000.0,8352885.0,0.41764425,correct,1.58235575
136797,1,5,0.287956565618515,0.57,0,Need for Speed,2014,66000000.0,203277636.0,3.0799641818181818,false_negative,1.0799641818181818
136799,1,4,0.9508934617042542,0.51,1,Trolls,2016,125000000.0,347337803.0,2.778702424,correct,0.778702424
137106,1,2,0.96038419008255,0.54,1,The Lego Movie,2014,60000000.0,470759687.0,7.845994783333333,correct,5.845994783333333
137113,1,1,0.6922757029533386,0.56,1,Edge of Tomorrow,2014,178000000.0,370541256.0,2.081692449438202,correct,0.08169244943820209
138103,1,3,0.8147114515304565,0.53,1,The Expendables 3,2014,95000000.0,214657577.0,2.259553442105263,correct,0.259553442105263
138832,1,4,0.9161403775215148,0.51,1,We're the Millers,2013,37000000.0,270000000.0,7.297297297297297,correct,5.297297297297297
138843,1,4,0.9838531017303468,0.51,1,The Conjuring,2013,13000000.0,321293998.0,24.714922923076923,correct,22.714922923076923
139038,1,3,0.7345031499862671,0.53,1,A Haunted House,2013,2500000.0,60141683.0,24.0566732,correct,22.0566732
140300,1,1,0.9056666493415833,0.56,1,Kung Fu Panda 3,2016,145000000.0,521170825.0,3.594281551724138,correct,1.594281551724138
140607,1,4,0.9526720643043518,0.51,1,Star Wars: The Force Awakens,2015,245000000.0,2068223624.0,8.44172907755102,correct,6.44172907755102
141052,1,1,0.2319768667221069,0.56,0,Justice League,2017,300000000.0,661326987.0,2.20442329,false_negative,0.2044232899999998
146233,1,5,0.8341428637504578,0.57,1,Prisoners,2013,46000000.0,122127446.0,2.654944478260869,correct,0.6549444782608691
147441,0,5,0.2162232547998428,0.57,0,Exodus: Gods and Kings,2014,140000000.0,268031828.0,1.9145130571428568,correct,0.0854869428571432
150540,1,5,0.9802313446998596,0.57,1,Inside Out,2015,175000000.0,857611174.0,4.90063528,correct,2.9006352800000004
150689,1,3,0.6954692006111145,0.53,1,Cinderella,2015,95000000.0,543514353.0,5.721203715789474,correct,3.721203715789474
152584,1,5,0.7203759551048279,0.57,1,Blue Is the Warmest Color,2013,4300000.0,19796489.0,4.60383465116279,correct,2.6038346511627903
152601,1,5,0.9342397451400756,0.57,1,Her,2013,23000000.0,47351251.0,2.058750043478261,correct,0.05875004347826085
153518,1,4,0.9775671362876892,0.51,1,The Angry Birds Movie,2016,73000000.0,349779543.0,4.791500589041096,correct,2.791500589041096
156022,1,2,0.8927973508834839,0.54,1,The Equalizer,2014,55000000.0,192330738.0,3.496922509090909,correct,1.496922509090909
157336,1,5,0.8210080862045288,0.57,1,Interstellar,2014,165000000.0,746606706.0,4.524889127272727,correct,2.5248891272727274
157350,1,2,0.9221351146697998,0.54,1,Divergent,2014,85000000.0,288885818.0,3.398656682352941,correct,1.3986566823529412
157386,1,5,0.2726794183254242,0.57,0,The Spectacular Now,2013,2500000.0,6854611.0,2.7418444,false_negative,0.7418444000000002
158015,1,2,0.5509040355682373,0.54,1,The Purge,2013,3000000.0,91266581.0,30.422193666666665,correct,28.422193666666665
158852,0,5,0.4578040838241577,0.57,0,Tomorrowland,2015,190000000.0,209200000.0,1.1010526315789473,correct,0.8989473684210527
159824,1,2,0.9649670124053956,0.54,1,Hotel Transylvania 2,2015,80000000.0,473200000.0,5.915,correct,3.915
166426,1,3,0.8723735809326172,0.53,1,Pirates of the Caribbean: Dead Men Tell No Tales,2017,230000000.0,795922298.0,3.4605317304347825,correct,1.4605317304347825
166428,1,5,0.9474921822547911,0.57,1,How to Train Your Dragon: The Hidden World,2019,129000000.0,539987993.0,4.185953434108527,correct,2.1859534341085274
168259,1,4,0.9170230627059937,0.51,1,Furious 7,2015,190000000.0,1515400000.0,7.975789473684211,correct,5.975789473684211
172385,1,5,0.9785126447677612,0.57,1,Rio 2,2014,103000000.0,498781117.0,4.842535116504855,correct,2.8425351165048554
177572,1,3,0.6103241443634033,0.53,1,Big Hero 6,2014,165000000.0,657870525.0,3.987094090909091,correct,1.9870940909090908
177677,1,2,0.9706798195838928,0.54,1,Mission: Impossible - Rogue Nation,2015,150000000.0,682716636.0,4.55144424,correct,2.5514442400000004
180299,0,4,0.9627771377563475,0.51,1,The Raid 2,2014,4500000.0,6566916.0,1.4593146666666668,false_positive,0.5406853333333332
181533,1,5,0.8363540172576904,0.57,1,Night at the Museum: Secret of the Tomb,2014,127000000.0,363204635.0,2.859879015748032,correct,0.859879015748032
181808,1,5,0.9095754623413086,0.57,1,Star Wars: The Last Jedi,2017,300000000.0,1334407706.0,4.448025686666667,correct,2.448025686666667
181812,1,5,0.7682952880859375,0.57,1,Star Wars: The Rise of Skywalker,2019,489900000.0,1074144248.0,2.192578583384364,correct,0.19257858338436407
181886,0,5,0.4684528708457947,0.57,0,Enemy,2014,3500000.0,3396726.0,0.9704931428571428,correct,1.0295068571428572
184315,1,5,0.3962661325931549,0.57,0,Hercules,2014,100000000.0,244819862.0,2.44819862,false_negative,0.4481986199999999
184345,1,4,0.7878851294517517,0.51,1,A Haunted House 2,2014,4000000.0,25343661.0,6.33591525,correct,4.33591525
187017,1,1,0.8640123009681702,0.56,1,22 Jump Street,2014,50000000.0,331333876.0,6.62667752,correct,4.62667752
188161,1,3,0.7625014185905457,0.53,1,A Million Ways to Die in the West,2014,40000000.0,86400000.0,2.16,correct,0.16000000000000014
188927,0,4,0.8867759704589844,0.51,1,Star Trek Beyond,2016,185000000.0,343471816.0,1.8566044108108108,false_positive,0.14339558918918915
190859,1,1,0.6999726891517639,0.56,1,American Sniper,2014,58800000.0,542300000.0,9.22278911564626,correct,7.222789115646259
193610,1,3,0.9448050260543824,0.53,1,The Other Woman,2014,40000000.0,196800000.0,4.92,correct,2.92
193756,1,5,0.8116170167922974,0.57,1,Lone Survivor,2013,40000000.0,149295601.0,3.732390025,correct,1.732390025
193893,1,1,0.8307453393936157,0.56,1,Let's Be Cops,2014,17000000.0,136600000.0,8.035294117647059,correct,6.035294117647059
194662,1,1,0.8955090641975403,0.56,1,Birdman or (The Unexpected Virtue of Ignorance),2014,18000000.0,103215094.0,5.734171888888889,correct,3.7341718888888886
197796,0,1,0.8009621500968933,0.56,1,Beauty and the Beast,2014,33000000.0,47430624.0,1.4372916363636363,false_positive,0.5627083636363637
198663,1,4,0.9553846716880798,0.51,1,The Maze Runner,2014,34000000.0,348319861.0,10.244701794117647,correct,8.244701794117647
203801,0,4,0.7513960599899292,0.51,1,The Man from U.N.C.L.E.,2015,75000000.0,110045109.0,1.46726812,false_positive,0.53273188
204082,1,1,0.6800560355186462,0.56,1,Homefront,2013,22000000.0,51695362.0,2.3497891818181817,correct,0.34978918181818175
205584,0,2,0.3457200229167938,0.54,0,Gods of Egypt,2016,140000000.0,150680864.0,1.0762918857142858,correct,0.9237081142857142
205587,1,2,0.8915435075759888,0.54,1,The Judge,2014,40000000.0,84419388.0,2.1104847,correct,0.11048470000000021
205596,1,4,0.9588363766670228,0.51,1,The Imitation Game,2014,14000000.0,233555708.0,16.68255057142857,correct,14.682550571428571
206487,0,2,0.6777631044387817,0.54,1,Predestination,2014,5500000.0,4942449.0,0.8986270909090909,false_positive,1.1013729090909092
206647,1,5,0.9543269276618958,0.57,1,Spectre,2015,245000000.0,880707597.0,3.5947248857142857,correct,1.5947248857142857
207703,1,4,0.975059449672699,0.51,1,Kingsman: The Secret Service,2015,81000000.0,414351546.0,5.115451185185186,correct,3.1154511851851856
209112,1,2,0.9288478493690492,0.54,1,Batman v Superman: Dawn of Justice,2016,250000000.0,874362803.0,3.497451212,correct,1.497451212
210577,1,5,0.726150393486023,0.57,1,Gone Girl,2014,61000000.0,370890259.0,6.080168180327869,correct,4.080168180327869
211672,1,3,0.9693527221679688,0.53,1,Minions,2015,74000000.0,1159457503.0,15.668344635135137,correct,13.668344635135137
214756,1,1,0.9564256072044371,0.56,1,Ted 2,2015,68000000.0,215863606.0,3.174464794117647,correct,1.1744647941176471
216015,1,1,0.920271098613739,0.56,1,Fifty Shades of Grey,2015,40000000.0,569651467.0,14.241286675,correct,12.241286675
216282,1,1,0.5890009999275208,0.56,1,Into the Storm,2014,50000000.0,160600000.0,3.212,correct,1.2120000000000002
220289,1,1,0.4184258580207824,0.56,0,Coherence,2014,50000.0,139745.0,2.7949,false_negative,0.7949000000000002
222935,1,3,0.9525588750839232,0.53,1,The Fault in Our Stars,2014,14000000.0,307166834.0,21.94048814285714,correct,19.94048814285714
223702,1,2,0.5767273902893066,0.54,1,Sausage Party,2016,19000000.0,140705322.0,7.405543263157894,correct,5.405543263157894
225886,1,2,0.5629298090934753,0.54,1,Sex Tape,2014,40000000.0,126069509.0,3.151737725,correct,1.1517377249999998
227700,0,4,0.0619458444416523,0.51,0,Anna,2013,4357373.0,1200000.0,0.2753952897766613,correct,1.7246047102233386
228150,1,4,0.6259648203849792,0.51,1,Fury,2014,68000000.0,211817906.0,3.114969205882353,correct,1.1149692058823528
228161,1,2,0.480984479188919,0.54,0,Home,2015,135000000.0,368871007.0,2.732377829629629,false_negative,0.732377829629629
228165,1,1,0.8832399249076843,0.56,1,The SpongeBob Movie: Sponge Out of Water,2015,74000000.0,325186032.0,4.394405837837838,correct,2.394405837837838
228326,0,5,0.8252461552619934,0.57,1,The Book of Life,2014,50000000.0,97437106.0,1.94874212,false_positive,0.05125788000000009
228967,0,2,0.585509181022644,0.54,1,The Interview,2014,44000000.0,12342632.0,0.2805143636363636,false_positive,1.7194856363636364
232672,1,5,0.9656585454940796,0.57,1,Blended,2014,40000000.0,128000000.0,3.2,correct,1.2000000000000002
238636,1,3,0.8999070525169373,0.53,1,The Purge: Anarchy,2014,9000000.0,111928365.0,12.436485,correct,10.436485
238713,1,1,0.5947661399841309,0.56,1,Spy,2015,65000000.0,235666219.0,3.6256341384615385,correct,1.6256341384615385
239563,1,4,0.7949251532554626,0.51,1,St. Vincent,2014,13000000.0,54837234.0,4.218248769230769,correct,2.218248769230769
240832,1,3,0.5702131986618042,0.53,1,Lucy,2014,40000000.0,469058574.0,11.72646435,correct,9.72646435
241259,0,1,0.8932159543037415,0.56,1,Alice Through the Looking Glass,2016,170000000.0,299457024.0,1.761511905882353,false_positive,0.23848809411764704
242582,1,2,0.9019497632980348,0.54,1,Nightcrawler,2014,8500000.0,47425835.0,5.57951,correct,3.57951
244786,1,5,0.8183176517486572,0.57,1,Whiplash,2014,3300000.0,50307484.0,15.244692121212122,correct,13.244692121212122
245891,1,1,0.952571988105774,0.56,1,John Wick,2014,20000000.0,86085191.0,4.30425955,correct,2.3042595500000003
246403,0,2,0.3765817284584045,0.54,0,Tusk,2014,3000000.0,1882074.0,0.627358,correct,1.372642
246655,1,4,0.9130964279174804,0.51,1,X-Men: Apocalypse,2016,178000000.0,543934787.0,3.05581341011236,correct,1.0558134101123602
249397,1,4,0.7924307584762573,0.51,1,Nymphomaniac: Vol. II,2013,2350000.0,4934725.0,2.099882978723404,correct,0.09988297872340413
254128,1,2,0.7410982847213745,0.54,1,San Andreas,2015,110000000.0,473990832.0,4.309007563636364,correct,2.3090075636363636
254470,1,3,0.9674336910247804,0.53,1,Pitch Perfect 2,2015,29000000.0,287144079.0,9.901519965517242,correct,7.901519965517242
256274,1,1,0.7577065229415894,0.56,1,"As Above, So Below",2014,5000000.0,41898409.0,8.3796818,correct,6.3796818
257211,1,4,0.9269301891326904,0.51,1,The Intern,2015,35000000.0,194564672.0,5.558990628571428,correct,3.5589906285714283
257344,1,1,0.7222768664360046,0.56,1,Pixels,2015,88000000.0,244874809.0,2.782668284090909,correct,0.7826682840909092
257445,1,1,0.9580509662628174,0.56,1,Goosebumps,2015,58000000.0,158952243.0,2.7405559137931035,correct,0.7405559137931035
257785,0,1,0.7350323796272278,0.56,1,Tulip Fever,2017,25000000.0,9204549.0,0.36818196,false_positive,1.63181804
258489,0,1,0.1209916174411773,0.56,0,The Legend of Tarzan,2016,180000000.0,356743061.0,1.9819058944444443,correct,0.018094105555555684
258509,1,4,0.9622849225997924,0.51,1,Alvin and the Chipmunks: The Road Chip,2015,90000000.0,233755553.0,2.597283922222222,correct,0.5972839222222222
259316,1,2,0.9208164811134338,0.54,1,Fantastic Beasts and Where to Find Them,2016,180000000.0,809342332.0,4.496346288888889,correct,2.4963462888888888
259693,1,5,0.9731428623199464,0.57,1,The Conjuring 2,2016,40000000.0,322819915.0,8.070497875,correct,6.070497874999999
260346,1,1,0.8764868974685669,0.56,1,Taken 3,2014,48000000.0,325800000.0,6.7875,correct,4.7875
260513,1,5,0.865950882434845,0.57,1,Incredibles 2,2018,200000000.0,1243225667.0,6.216128335,correct,4.216128335
260514,1,3,0.8969576358795166,0.53,1,Cars 3,2017,175000000.0,383925276.0,2.19385872,correct,0.19385872000000015
262500,1,2,0.903497278690338,0.54,1,Insurgent,2015,110000000.0,297002527.0,2.7000229727272727,correct,0.7000229727272727
263115,1,3,0.8992794156074524,0.53,1,Logan,2017,97000000.0,619021436.0,6.381664288659794,correct,4.381664288659794
263472,0,2,0.5909327864646912,0.54,1,Knock Knock,2015,10000000.0,6341684.0,0.6341684,false_positive,1.3658316
264660,1,1,0.806847333908081,0.56,1,Ex Machina,2015,15000000.0,36869414.0,2.457960933333333,correct,0.4579609333333332
265177,0,3,0.8028337955474854,0.53,1,Mommy,2014,4900000.0,3494070.0,0.7130755102040817,false_positive,1.2869244897959184
267935,0,4,0.2846061587333679,0.51,0,The BFG,2016,140000000.0,195243411.0,1.3945957928571429,correct,0.6054042071428571
268896,0,2,0.9026031494140624,0.54,1,Pacific Rim: Uprising,2018,150000000.0,290061297.0,1.93374198,false_positive,0.06625802000000003
269149,1,3,0.9738986492156982,0.53,1,Zootopia,2016,150000000.0,1025521689.0,6.83681126,correct,4.83681126
270303,1,4,0.9550174474716188,0.51,1,It Follows,2015,2300000.0,23374076.0,10.162641739130434,correct,8.162641739130434
270946,1,3,0.5631539225578308,0.53,1,Penguins of Madagascar,2014,132000000.0,373515621.0,2.8296637954545454,correct,0.8296637954545454
271110,1,5,0.9335666298866272,0.57,1,Captain America: Civil War,2016,250000000.0,1155046416.0,4.620185664,correct,2.620185664
273248,1,3,0.76076740026474,0.53,1,The Hateful Eight,2015,44000000.0,155760117.0,3.5400026590909093,correct,1.5400026590909093
273477,0,5,0.6310730576515198,0.57,1,Scouts Guide to the Zombie Apocalypse,2015,15000000.0,14900000.0,0.9933333333333332,false_positive,1.0066666666666668
273481,1,3,0.957470178604126,0.53,1,Sicario,2015,30000000.0,84997446.0,2.8332482,correct,0.8332481999999999
274167,1,3,0.9695565104484558,0.53,1,Daddy's Home,2015,50000000.0,242786137.0,4.85572274,correct,2.85572274
274854,0,3,0.8356180787086487,0.53,1,The Last Witch Hunter,2015,90000000.0,146936910.0,1.6326323333333332,false_positive,0.36736766666666676
274855,0,2,0.4206061661243438,0.54,0,Geostorm,2017,120000000.0,221600160.0,1.846668,correct,0.15333200000000002
274857,0,2,0.4040135145187378,0.54,0,King Arthur: Legend of the Sword,2017,175000000.0,149175066.0,0.8524289485714286,correct,1.1475710514285713
274862,0,1,0.5354858040809631,0.56,0,The Lego Ninjago Movie,2017,70000000.0,123081555.0,1.7583079285714285,correct,0.24169207142857152
274870,1,3,0.8283814191818237,0.53,1,Passengers,2016,110000000.0,303144152.0,2.7558559272727274,correct,0.7558559272727274
276907,0,4,0.5942006707191467,0.51,1,Legend,2015,25000000.0,42972994.0,1.71891976,false_positive,0.2810802400000001
277216,1,4,0.6710556745529175,0.51,1,Straight Outta Compton,2015,28000000.0,201634991.0,7.201249678571428,correct,5.201249678571428
277834,1,4,0.9541825652122498,0.51,1,Moana,2016,150000000.0,690860472.0,4.60573648,correct,2.60573648
278154,1,1,0.9172337651252748,0.56,1,Ice Age: Collision Course,2016,105000000.0,408579038.0,3.891228933333333,correct,1.8912289333333332
278924,1,4,0.7020689845085144,0.51,1,Mechanic: Resurrection,2016,40000000.0,125729635.0,3.143240875,correct,1.143240875
278927,1,3,0.6437733173370361,0.53,1,The Jungle Book,2016,175000000.0,966550600.0,5.523146285714286,correct,3.5231462857142857
280092,1,3,0.9224302172660828,0.53,1,Insidious: Chapter 3,2015,10000000.0,120453155.0,12.0453155,correct,10.0453155
281338,1,5,0.9373132586479188,0.57,1,War for the Planet of the Apes,2017,150000000.0,490719763.0,3.271465086666667,correct,1.2714650866666668
281957,1,3,0.6756423711776733,0.53,1,The Revenant,2015,135000000.0,532950503.0,3.947781503703704,correct,1.947781503703704
282035,1,2,0.5006698369979858,0.54,0,The Mummy,2017,125000000.0,409231607.0,3.273852856,false_negative,1.273852856
283366,1,5,0.3209967017173767,0.57,0,Miss Peregrine's Home for Peculiar Children,2016,110000000.0,296482446.0,2.695294963636364,false_negative,0.6952949636363641
283566,1,3,0.4482854008674621,0.53,0,Evangelion: 3.0+1.0 Thrice Upon a Time,2021,29700000.0,93882453.0,3.1610253535353534,false_negative,1.1610253535353534
283995,1,1,0.882676899433136,0.56,1,Guardians of the Galaxy Vol. 2,2017,200000000.0,863756051.0,4.318780255,correct,2.318780255
284052,1,5,0.8914986252784729,0.57,1,Doctor Strange,2016,180000000.0,676343174.0,3.757462077777778,correct,1.7574620777777779
284053,1,1,0.8823952674865723,0.56,1,Thor: Ragnarok,2017,180000000.0,855301806.0,4.7516767,correct,2.7516767
284054,1,1,0.7732309103012085,0.56,1,Black Panther,2018,200000000.0,1349926083.0,6.749630415,correct,4.749630415
286217,1,1,0.6968643069267273,0.56,1,The Martian,2015,108000000.0,631058917.0,5.84313812037037,correct,3.8431381203703703
287947,1,1,0.9694040417671204,0.56,1,Shazam!,2019,80000000.0,367799011.0,4.5974876375,correct,2.5974876374999996
287948,1,2,0.5033246874809265,0.54,0,The Transporter Refueled,2015,25000000.0,72629670.0,2.9051868,false_negative,0.9051868000000001
290098,1,4,0.8411156535148621,0.51,1,The Handmaiden,2016,8575000.0,38600000.0,4.501457725947522,correct,2.501457725947522
290250,0,3,0.591163694858551,0.53,1,The Nice Guys,2016,50000000.0,71261763.0,1.42523526,false_positive,0.57476474
290859,0,3,0.7214507460594177,0.53,1,Terminator: Dark Fate,2019,185000000.0,261119292.0,1.4114556324324323,false_positive,0.5885443675675677
291805,1,5,0.9495956301689148,0.57,1,Now You See Me 2,2016,120000000.0,334897606.0,2.790813383333333,correct,0.7908133833333331
292431,0,5,0.6451359987258911,0.57,1,Love,2015,3000000.0,249083.0,0.0830276666666666,false_positive,1.9169723333333335
293167,1,4,0.5012056231498718,0.51,0,Kong: Skull Island,2017,185000000.0,566652812.0,3.062988172972973,false_negative,1.062988172972973
293660,1,3,0.9249860644340516,0.53,1,Deadpool,2016,58000000.0,782837347.0,13.497195637931034,correct,11.497195637931034
293670,1,1,0.7016870379447937,0.56,1,The Wailing,2016,10951000.0,49851770.0,4.55225732809789,correct,2.55225732809789
293863,1,5,0.7891325354576111,0.57,1,The Age of Adaline,2015,25000000.0,65663276.0,2.62653104,correct,0.6265310400000002
294254,1,5,0.9253217577934264,0.57,1,Maze Runner: The Scorch Trials,2015,61000000.0,312296056.0,5.119607475409836,correct,3.119607475409836
296096,1,3,0.930116593837738,0.53,1,Me Before You,2016,20000000.0,207945075.0,10.39725375,correct,8.39725375
296098,1,1,0.6861624121665955,0.56,1,Bridge of Spies,2015,40000000.0,165478348.0,4.1369587,correct,2.1369587
296524,0,2,0.7640934586524963,0.54,1,Deepwater Horizon,2016,110000000.0,121790376.0,1.1071852363636363,false_positive,0.8928147636363637
297761,1,3,0.938014805316925,0.53,1,Suicide Squad,2016,175000000.0,749200054.0,4.281143165714286,correct,2.281143165714286
297762,1,5,0.92835795879364,0.57,1,Wonder Woman,2017,149000000.0,823970682.0,5.530004577181208,correct,3.5300045771812076
297802,1,5,0.9070287942886353,0.57,1,Aquaman,2018,160000000.0,1152028393.0,7.20017745625,correct,5.20017745625
298312,1,5,0.6694590449333191,0.57,1,The Visit,2015,5000000.0,98450062.0,19.6900124,correct,17.6900124
298618,0,4,0.2092387676239013,0.51,0,The Flash,2023,220000000.0,271333313.0,1.233333240909091,correct,0.7666667590909091
299054,0,4,0.1603483408689499,0.51,0,Expend4bles,2023,100000000.0,37917985.0,0.37917985,correct,1.6208201500000001
299534,1,3,0.923966348171234,0.53,1,Avengers: Endgame,2019,356000000.0,2799439100.0,7.86359297752809,correct,5.86359297752809
299536,1,5,0.9358043074607848,0.57,1,Avengers: Infinity War,2018,300000000.0,2052415039.0,6.841383463333333,correct,4.841383463333333
299537,1,1,0.9179602265357972,0.56,1,Captain Marvel,2019,152000000.0,1131416446.0,7.44352925,correct,5.44352925
299687,1,5,0.6761655211448669,0.57,1,The 5th Wave,2016,38000000.0,109906372.0,2.892272947368421,correct,0.8922729473684212
300668,0,1,0.3710925579071045,0.56,0,Annihilation,2018,40000000.0,43070915.0,1.076772875,correct,0.9232271249999999
300669,1,3,0.9328911900520324,0.53,1,Don't Breathe,2016,9900000.0,158906350.0,16.051146464646465,correct,14.051146464646465
300671,0,2,0.8805869817733765,0.54,1,13 Hours: The Secret Soldiers of Benghazi,2016,50000000.0,69411370.0,1.3882274,false_positive,0.6117726000000001
301528,1,1,0.976445734500885,0.56,1,Toy Story 4,2019,175000000.0,1073841394.0,6.1362365371428576,correct,4.1362365371428576
302946,1,3,0.9331583380699158,0.53,1,The Accountant,2016,44000000.0,155160045.0,3.526364659090909,correct,1.526364659090909
303857,1,2,0.3700167834758758,0.54,0,Dragon Ball Z: Resurrection 'F',2015,5000000.0,61768190.0,12.353638,false_negative,10.353638
304941,0,4,0.7643622756004333,0.51,1,Boonie Bears: Homeward Journey,2013,1300000.0,156002.0,0.1200015384615384,false_positive,1.8799984615384615
305470,0,1,0.5443060398101807,0.56,0,Power Rangers,2017,105000000.0,142300000.0,1.3552380952380951,correct,0.6447619047619049
307081,1,2,0.5437767505645752,0.54,1,Southpaw,2015,30000000.0,91709827.0,3.056994233333333,correct,1.056994233333333
308266,0,2,0.7419241070747375,0.54,1,War Dogs,2016,50000000.0,86234523.0,1.72469046,false_positive,0.2753095400000001
309809,0,2,0.3427256047725677,0.54,0,The Little Prince,2015,64000000.0,101281211.0,1.582518921875,correct,0.417481078125
310131,1,4,0.4257376194000244,0.51,0,The Witch,2016,4000000.0,40423945.0,10.10598625,false_negative,8.10598625
310133,0,3,0.2794857919216156,0.53,0,Cop Car,2015,800000.0,143658.0,0.1795725,correct,1.8204275
310307,0,3,0.7933358550071716,0.53,1,The Founder,2016,15000000.0,24121245.0,1.608083,false_positive,0.39191700000000007
311324,1,2,0.4190071225166321,0.54,0,The Great Wall,2016,150000000.0,331957105.0,2.213047366666667,false_negative,0.2130473666666668
312221,1,3,0.9702577590942384,0.53,1,Creed,2015,37000000.0,173600000.0,4.691891891891892,correct,2.691891891891892
313369,1,1,0.9744566082954408,0.56,1,La La Land,2016,30000000.0,509183536.0,16.972784533333332,correct,14.972784533333332
315011,1,1,0.7880973815917969,0.56,1,Shin Godzilla,2016,15000000.0,78053145.0,5.203543,correct,3.203543
315162,1,3,0.879679262638092,0.53,1,Puss in Boots: The Last Wish,2022,90000000.0,484700000.0,5.385555555555555,correct,3.3855555555555554
315635,1,4,0.9454196095466614,0.51,1,Spider-Man: Homecoming,2017,175000000.0,880978185.0,5.034161057142857,correct,3.0341610571428568
315837,0,3,0.5328198671340942,0.53,1,Ghost in the Shell,2017,110000000.0,169801921.0,1.5436538272727274,false_positive,0.4563461727272726
316029,1,5,0.7861687541007996,0.57,1,The Greatest Showman,2017,84000000.0,459066134.0,5.465073023809524,correct,3.4650730238095244
317442,1,2,0.4078854620456695,0.54,0,The Last: Naruto the Movie,2014,750000.0,19840000.0,26.453333333333333,false_negative,24.453333333333333
318846,1,1,0.9344751834869384,0.56,1,The Big Short,2015,28000000.0,133346506.0,4.762375214285714,correct,2.762375214285714
320288,0,3,0.8406341075897217,0.53,1,Dark Phoenix,2019,200000000.0,252442974.0,1.26221487,false_positive,0.73778513
321612,1,1,0.5629166960716248,0.56,1,Beauty and the Beast,2017,160000000.0,1266115964.0,7.913224775,correct,5.913224775
321741,0,3,0.8877262473106384,0.53,1,Concussion,2015,35000000.0,50400000.0,1.44,false_positive,0.56
324552,1,5,0.9543392062187196,0.57,1,John Wick: Chapter 2,2017,40000000.0,171539887.0,4.288497175,correct,2.288497175
324668,1,3,0.9199485778808594,0.53,1,Jason Bourne,2016,120000000.0,415484914.0,3.4623742833333333,correct,1.4623742833333333
324786,1,3,0.8039392232894897,0.53,1,Hacksaw Ridge,2016,40000000.0,175302354.0,4.38255885,correct,2.3825588499999997
324849,1,4,0.611399233341217,0.51,1,The Lego Batman Movie,2017,80000000.0,311950384.0,3.8993798,correct,1.8993798000000002
324852,1,4,0.9465272426605223,0.51,1,Despicable Me 3,2017,80000000.0,1034800131.0,12.9350016375,correct,10.9350016375
324857,1,4,0.924381136894226,0.51,1,Spider-Man: Into the Spider-Verse,2018,90000000.0,394884133.0,4.387601477777777,correct,2.3876014777777774
326284,0,2,0.1180370524525642,0.54,0,Pound of Flesh,2015,7500000.0,163080.0,0.021744,correct,1.978256
329865,1,3,0.8747484087944031,0.53,1,Arrival,2016,47000000.0,203388186.0,4.327408212765958,correct,2.327408212765958
330457,1,4,0.8243169784545898,0.51,1,Frozen II,2019,150000000.0,1453683476.0,9.691223173333332,correct,7.6912231733333325
330459,1,1,0.3880667090415954,0.56,0,Rogue One: A Star Wars Story,2016,200000000.0,1056057273.0,5.280286365,false_negative,3.2802863650000003
331482,1,2,0.8513069152832031,0.54,1,Little Women,2019,40000000.0,332103783.0,8.302594575,correct,6.3025945750000005
332562,1,3,0.8826766014099121,0.53,1,A Star Is Born,2018,36000000.0,436388866.0,12.121912944444444,correct,10.121912944444444
332567,1,5,0.6529631018638611,0.57,1,The Shallows,2016,17000000.0,119100758.0,7.005926941176471,correct,5.005926941176471
333339,1,1,0.3686180412769317,0.56,0,Ready Player One,2018,175000000.0,607274134.0,3.470137908571429,false_negative,1.470137908571429
333371,1,5,0.7590598464012146,0.57,1,10 Cloverfield Lane,2016,15000000.0,110216998.0,7.347799866666667,correct,5.347799866666667
333484,0,4,0.6060690879821777,0.51,1,The Magnificent Seven,2016,90000000.0,162400000.0,1.8044444444444443,false_positive,0.1955555555555557
334541,1,5,0.8936612010002136,0.57,1,Manchester by the Sea,2016,9000000.0,79000000.0,8.777777777777779,correct,6.777777777777779
335360,1,5,0.3974927067756653,0.57,0,My Little Pony: The Movie,2017,6000000.0,61294644.0,10.215774,false_negative,8.215774
335787,1,4,0.7799986600875854,0.51,1,Uncharted,2022,120000000.0,407141258.0,3.392843816666667,correct,1.3928438166666668
335797,1,1,0.9339590072631836,0.56,1,Sing,2016,75000000.0,634151679.0,8.45535572,correct,6.45535572
335977,0,5,0.7267373204231262,0.57,1,Indiana Jones and the Dial of Destiny,2023,294700000.0,383963057.0,1.3028946623685105,false_positive,0.6971053376314895
335983,1,2,0.8785547018051147,0.54,1,Venom,2018,116000000.0,856085151.0,7.380044405172414,correct,5.380044405172414
335984,0,4,0.9234574437141418,0.51,1,Blade Runner 2049,2017,150000000.0,259239658.0,1.7282643866666667,false_positive,0.2717356133333333
335988,1,1,0.7850776314735413,0.56,1,Transformers: The Last Knight,2017,217000000.0,605425157.0,2.78997768202765,correct,0.7899776820276498
336843,1,1,0.8444596529006958,0.56,1,Maze Runner: The Death Cure,2018,62000000.0,288418190.0,4.6519062903225805,correct,2.6519062903225805
336882,1,5,0.8149423003196716,0.57,1,The Wave,2015,5904067.0,12975143.0,2.197661882902074,correct,0.1976618829020742
337167,1,4,0.946717381477356,0.51,1,Fifty Shades Freed,2018,55000000.0,371985018.0,6.763363963636364,correct,4.763363963636364
337170,1,5,0.741089403629303,0.57,1,American Made,2017,50000000.0,133511855.0,2.6702371,correct,0.6702371
337339,1,3,0.8930479288101196,0.53,1,The Fate of the Furious,2017,250000000.0,1236000000.0,4.944,correct,2.944
337401,0,4,0.0580405294895172,0.51,0,Mulan,2020,200000000.0,69965374.0,0.34982687,correct,1.65017313
337404,0,1,0.2169061750173568,0.56,0,Cruella,2021,200000000.0,233503234.0,1.16751617,correct,0.8324838299999999
338766,1,2,0.8139521479606628,0.54,1,Hell or High Water,2016,12000000.0,37600000.0,3.1333333333333333,correct,1.1333333333333333
338952,1,1,0.8290408253669739,0.56,1,Fantastic Beasts: The Crimes of Grindelwald,2018,200000000.0,654900000.0,3.2745,correct,1.2745000000000002
338953,1,5,0.72942715883255,0.57,1,Fantastic Beasts: The Secrets of Dumbledore,2022,200000000.0,407200000.0,2.036,correct,0.03600000000000003
338967,1,3,0.8857070803642273,0.53,1,Zombieland: Double Tap,2019,42000000.0,122810399.0,2.9240571190476192,correct,0.9240571190476192
338970,1,5,0.3719860911369324,0.57,0,Tomb Raider,2018,94000000.0,274650803.0,2.9218170531914893,false_negative,0.9218170531914893
339403,1,5,0.8268041610717773,0.57,1,Baby Driver,2017,34000000.0,226945087.0,6.6748555,correct,4.6748555
339846,1,1,0.3194658756256103,0.56,0,Baywatch,2017,69000000.0,177900000.0,2.5782608695652174,false_negative,0.5782608695652174
339964,0,4,0.40062016248703,0.51,0,Valerian and the City of a Thousand Planets,2017,177200000.0,225973340.0,1.2752445823927765,correct,0.7247554176072235
340102,0,4,0.3986731767654419,0.51,0,The New Mutants,2020,67000000.0,49169594.0,0.7338745373134329,correct,1.266125462686567
340837,0,5,0.8840351700782776,0.57,1,A Cure for Wellness,2017,40000000.0,26620002.0,0.66550005,false_positive,1.33449995
341013,1,3,0.5668796300888062,0.53,1,Atomic Blonde,2017,30000000.0,100014025.0,3.333800833333333,correct,1.333800833333333
341174,1,4,0.95175039768219,0.51,1,Fifty Shades Darker,2017,55000000.0,381545846.0,6.9371972,correct,4.9371972
342473,1,4,0.9191270470619202,0.51,1,Ballerina,2016,30000000.0,109573511.0,3.652450366666667,correct,1.6524503666666668
343611,1,2,0.8436532616615295,0.54,1,Jack Reacher: Never Go Back,2016,60000000.0,162100000.0,2.7016666666666667,correct,0.7016666666666667
343668,1,3,0.8982509970664978,0.53,1,Kingsman: The Golden Circle,2017,104000000.0,410902662.0,3.9509871346153846,correct,1.9509871346153846
345887,1,1,0.7951241135597229,0.56,1,The Equalizer 2,2018,62000000.0,190400157.0,3.0709702741935483,correct,1.0709702741935483
345938,1,4,0.6440240740776062,0.51,1,The Shack,2017,20000000.0,96942115.0,4.84710575,correct,2.84710575
345940,1,4,0.8950693607330322,0.51,1,The Meg,2018,150000000.0,530517320.0,3.5367821333333334,correct,1.5367821333333334
346364,1,2,0.966003715991974,0.54,1,It,2017,35000000.0,719766009.0,20.564743114285715,correct,18.564743114285715
346648,1,4,0.9703004360198976,0.51,1,Paddington 2,2017,40000000.0,290132513.0,7.253312825,correct,5.253312825
346672,1,1,0.7790475487709045,0.56,1,Underworld: Blood Wars,2016,35000000.0,81093313.0,2.3169518,correct,0.3169518
346685,1,5,0.5464836955070496,0.57,0,The Girl on the Train,2016,45000000.0,173200000.0,3.848888888888889,false_negative,1.8488888888888888
346698,1,4,0.7610461711883545,0.51,1,Barbie,2023,145000000.0,1447138421.0,9.980264972413794,correct,7.980264972413794
346910,0,4,0.7921560406684875,0.51,1,The Predator,2018,88000000.0,160542134.0,1.8243424318181816,false_positive,0.17565756818181844
348350,0,4,0.6395426988601685,0.51,1,Solo: A Star Wars Story,2018,250000000.0,392952373.0,1.571809492,false_positive,0.4281905079999999
351286,1,1,0.8380800485610962,0.56,1,Jurassic World: Fallen Kingdom,2018,170000000.0,1310469037.0,7.708641394117647,correct,5.708641394117647
353081,1,3,0.9316251277923584,0.53,1,Mission: Impossible - Fallout,2018,178000000.0,824171374.0,4.630176258426967,correct,2.6301762584269666
353486,1,2,0.9075829982757568,0.54,1,Jumanji: Welcome to the Jungle,2017,90000000.0,995339117.0,11.059323522222222,correct,9.059323522222222
353491,0,2,0.6838487386703491,0.54,1,The Dark Tower,2017,60000000.0,113231078.0,1.8871846333333333,false_positive,0.1128153666666667
354912,1,1,0.8279828429222107,0.56,1,Coco,2017,175000000.0,814641172.0,4.655092411428571,correct,2.655092411428571
359724,1,4,0.7415964603424072,0.51,1,Ford v Ferrari,2019,97600000.0,225508210.0,2.31053493852459,correct,0.31053493852459013
359940,1,5,0.8657762408256531,0.57,1,"Three Billboards Outside Ebbing, Missouri",2017,15000000.0,162729321.0,10.8486214,correct,8.8486214
360814,1,3,0.3323966860771179,0.53,0,Dangal,2016,10400000.0,311000000.0,29.903846153846157,false_negative,27.903846153846157
360920,1,1,0.6611130237579346,0.56,1,The Grinch,2018,75000000.0,552976825.0,7.373024333333333,correct,5.373024333333333
361743,1,5,0.8626366257667542,0.57,1,Top Gun: Maverick,2022,170000000.0,1488732821.0,8.757251888235293,correct,6.757251888235293
363088,1,5,0.9385088682174684,0.57,1,Ant-Man and the Wasp,2018,140000000.0,622674139.0,4.447672421428571,correct,2.447672421428571
363676,1,1,0.3824346363544464,0.56,0,Sully,2016,60000000.0,240800000.0,4.013333333333334,false_negative,2.0133333333333336
364689,1,5,0.5039750933647156,0.57,0,Ferdinand,2017,111000000.0,295038508.0,2.6580045765765767,false_negative,0.6580045765765767
369972,0,2,0.8790448307991028,0.54,1,First Man,2018,70000000.0,105713218.0,1.5101888285714289,false_positive,0.4898111714285711
370172,1,2,0.7497220635414124,0.54,1,No Time to Die,2021,250000000.0,774153024.0,3.096612096,correct,1.0966120959999999
371645,1,4,0.327691912651062,0.51,0,Hunt for the Wilderpeople,2016,2500000.0,23900000.0,9.56,false_negative,7.5600000000000005
372058,1,1,0.7651995420455933,0.56,1,Your Name.,2016,7500000.0,405320132.0,54.04268426666667,correct,52.04268426666667
373571,1,2,0.7776911854743958,0.54,1,Godzilla: King of the Monsters,2019,170000000.0,387300138.0,2.278236105882353,correct,0.2782361058823528
374720,1,1,0.7145272493362427,0.56,1,Dunkirk,2017,150000000.0,549136737.0,3.66091158,correct,1.66091158
375588,0,1,0.3908806443214416,0.56,0,Robin Hood,2018,100000000.0,86493046.0,0.86493046,correct,1.13506954
376867,1,3,0.7970666289329529,0.53,1,Moonlight,2016,4000000.0,65046687.0,16.26167175,correct,14.261671750000001
378236,1,2,0.6164956092834473,0.54,1,The Emoji Movie,2017,50000000.0,216909830.0,4.3381966,correct,2.3381966
379149,1,1,0.4250063598155975,0.56,0,The Foreigner,2017,35000000.0,145374099.0,4.153545685714286,false_negative,2.1535456857142856
379686,0,3,0.4802481532096863,0.53,0,Space Jam: A New Legacy,2021,150000000.0,163692228.0,1.09128152,correct,0.9087184800000001
381283,0,5,0.9136609435081482,0.57,1,mother!,2017,30000000.0,44516999.0,1.4838999666666666,false_positive,0.5161000333333334
381284,1,2,0.8802227973937988,0.54,1,Hidden Figures,2016,25000000.0,235957472.0,9.43829888,correct,7.43829888
381288,1,4,0.9345624446868896,0.51,1,Split,2017,9000000.0,278454358.0,30.93937311111111,correct,28.93937311111111
381719,1,1,0.8518474698066711,0.56,1,Peter Rabbit,2018,50000000.0,351266433.0,7.02532866,correct,5.02532866
381890,1,4,0.1448040157556533,0.51,0,The Mermaid,2016,60720000.0,553810228.0,9.120721805006587,false_negative,7.120721805006587
383498,1,5,0.883223831653595,0.57,1,Deadpool 2,2018,110000000.0,785896632.0,7.144514836363636,correct,5.144514836363636
384018,1,5,0.9065892696380616,0.57,1,Fast & Furious Presents: Hobbs & Shaw,2019,200000000.0,760098996.0,3.80049498,correct,1.8004949799999999
385103,0,3,0.1047280952334404,0.53,0,Scoob!,2020,90000000.0,28600000.0,0.3177777777777777,correct,1.6822222222222223
385128,1,3,0.6424947381019592,0.53,1,F9,2021,200000000.0,726229501.0,3.631147505,correct,1.631147505
385687,1,3,0.7453041076660156,0.53,1,Fast X,2023,340000000.0,704709660.0,2.0726754705882358,correct,0.07267547058823576
390043,1,4,0.897686779499054,0.51,1,The Hitman's Bodyguard,2017,30000000.0,176586701.0,5.886223366666667,correct,3.886223366666667
391713,1,2,0.7276734113693237,0.54,1,Lady Bird,2017,10000000.0,79000000.0,7.9,correct,5.9
392044,1,1,0.8719058632850647,0.56,1,Murder on the Orient Express,2017,55000000.0,352800000.0,6.414545454545454,correct,4.414545454545454
393345,0,4,0.5769062638282776,0.51,1,Cult of Chucky,2017,6500000.0,2332018.0,0.358772,false_positive,1.641228
394117,1,4,0.7747949957847595,0.51,1,The Florida Project,2017,2000000.0,11303040.0,5.65152,correct,3.6515199999999997
395834,1,1,0.8339405655860901,0.56,1,Wind River,2017,11000000.0,44998252.0,4.090750181818182,correct,2.0907501818181817
395992,0,5,0.5435842871665955,0.57,0,Life,2017,58000000.0,100541806.0,1.7334794137931036,correct,0.26652058620689645
396422,1,5,0.9740967154502868,0.57,1,Annabelle: Creation,2017,15000000.0,306592201.0,20.43948006666667,correct,18.43948006666667
396535,1,2,0.8905648589134216,0.54,1,Train to Busan,2016,8500000.0,87547518.0,10.299708,correct,8.299708
397243,0,4,0.3163989782333374,0.51,0,The Autopsy of Jane Doe,2016,4000000.0,6170043.0,1.54251075,correct,0.45748925000000007
397422,1,1,0.7674704194068909,0.56,1,Rough Night,2017,20000000.0,47347283.0,2.36736415,correct,0.3673641499999998
398818,1,5,0.3498241901397705,0.57,0,Call Me by Your Name,2017,3500000.0,43143046.0,12.32658457142857,false_negative,10.32658457142857
398978,0,1,0.4720490574836731,0.56,0,The Irishman,2019,159000000.0,968853.0,0.0060934150943396,correct,1.9939065849056603
399035,1,2,0.5063884258270264,0.54,0,The Commuter,2018,30000000.0,119942387.0,3.998079566666666,false_negative,1.9980795666666662
399055,1,1,0.7584208846092224,0.56,1,The Shape of Water,2017,19500000.0,195300000.0,10.015384615384615,correct,8.015384615384615
399057,1,3,0.5474939942359924,0.53,1,The Killing of a Sacred Deer,2017,3000000.0,10700000.0,3.566666666666667,correct,1.5666666666666669
399174,1,2,0.6903533935546875,0.54,1,Isle of Dogs,2018,35000000.0,72991435.0,2.085469571428572,correct,0.08546957142857181
399402,0,5,0.6496998071670532,0.57,1,Hunter Killer,2018,40000000.0,31672678.0,0.79181695,false_positive,1.2081830500000001
399404,1,3,0.8987485766410828,0.53,1,Darkest Hour,2017,30000000.0,150847207.0,5.028240233333333,correct,3.0282402333333334
399566,1,4,0.727802574634552,0.51,1,Godzilla vs. Kong,2021,200000000.0,470116094.0,2.35058047,correct,0.35058047000000014
399579,1,5,0.3047193586826324,0.57,0,Alita: Battle Angel,2019,170000000.0,405000000.0,2.3823529411764706,false_negative,0.38235294117647056
400155,1,2,0.9172643423080444,0.54,1,Hotel Transylvania 3: Summer Vacation,2018,80000000.0,528600000.0,6.6075,correct,4.6075
400160,0,4,0.1912792921066284,0.51,0,The SpongeBob Movie: Sponge on the Run,2020,60000000.0,4810790.0,0.0801798333333333,correct,1.9198201666666668
400535,1,5,0.8700444102287292,0.57,1,Sicario: Day of the Soldado,2018,35000000.0,75836683.0,2.1667623714285718,correct,0.16676237142857175
400928,1,5,0.8404815196990967,0.57,1,Gifted,2017,7000000.0,40300000.0,5.757142857142857,correct,3.757142857142857
401981,1,2,0.619602620601654,0.54,1,Red Sparrow,2018,69000000.0,151572634.0,2.1967048405797103,correct,0.19670484057971027
402431,1,5,0.8822921514511108,0.57,1,Wicked,2024,150000000.0,758827029.0,5.05884686,correct,3.05884686
402900,1,1,0.586746096611023,0.56,1,Ocean's Eight,2018,70000000.0,297718711.0,4.253124442857143,correct,2.2531244428571426
404368,1,3,0.8772284984588623,0.53,1,Ralph Breaks the Internet,2018,175000000.0,529323962.0,3.0247083542857145,correct,1.0247083542857145
404733,0,1,0.3970428109169006,0.56,0,Overdrive,2017,28210303.0,11247280.0,0.3986940516023525,correct,1.6013059483976475
406563,1,5,0.9723026156425476,0.57,1,Insidious: The Last Key,2018,10000000.0,172811971.0,17.2811971,correct,15.2811971
406759,0,4,0.2881578207015991,0.51,0,Moonfall,2022,146000000.0,67319703.0,0.4610938561643836,correct,1.5389061438356164
406990,0,1,0.5436583161354065,0.56,0,What Happened to Monday,2017,20000000.0,27975429.0,1.39877145,correct,0.6012285500000001
406997,1,3,0.9701297283172609,0.53,1,Wonder,2017,20000000.0,315025930.0,15.7512965,correct,13.7512965
411088,1,2,0.5056635141372681,0.54,0,The Invisible Guest,2017,4000000.0,30000000.0,7.5,false_negative,5.5
412117,1,4,0.937230944633484,0.51,1,The Secret Life of Pets 2,2019,80000000.0,429434163.0,5.3679270375,correct,3.3679270375000003
414419,0,3,0.6368923187255859,0.53,1,Kill Bill: The Whole Bloody Affair,2011,60000000.0,12338649.0,0.20564415,false_positive,1.79435585
414906,1,4,0.8805691599845886,0.51,1,The Batman,2022,185000000.0,772775278.0,4.177163664864865,correct,2.1771636648648647
415842,1,5,0.6686927676200867,0.57,1,American Assassin,2017,33000000.0,67200000.0,2.036363636363636,correct,0.036363636363636154
417859,1,3,0.8742149472236633,0.53,1,Puss in Boots,2011,130000000.0,554987477.0,4.269134438461538,correct,2.2691344384615384
419430,1,3,0.849822998046875,0.53,1,Get Out,2017,4500000.0,255407969.0,56.757326444444445,correct,54.757326444444445
420634,1,5,0.7906950116157532,0.57,1,Terrifier,2018,35000.0,421798.0,12.051371428571429,correct,10.051371428571429
420809,1,2,0.8130331635475159,0.54,1,Maleficent: Mistress of Evil,2019,185000000.0,491730089.0,2.658000481081081,correct,0.6580004810810811
420817,1,5,0.4566159248352051,0.57,0,Aladdin,2019,183000000.0,1054304000.0,5.761224043715847,false_negative,3.7612240437158473
420818,1,3,0.8626929521560669,0.53,1,The Lion King,2019,260000000.0,1662020819.0,6.392387765384616,correct,4.392387765384616
423108,1,1,0.7441740036010742,0.56,1,The Conjuring: The Devil Made Me Do It,2021,39000000.0,206444123.0,5.293439051282052,correct,3.2934390512820517
423204,1,1,0.901133358478546,0.56,1,Angel Has Fallen,2019,40000000.0,146661977.0,3.666549425,correct,1.666549425
424139,1,5,0.9379245638847352,0.57,1,Halloween,2018,10000000.0,259939869.0,25.9939869,correct,23.9939869
424694,1,1,0.836746871471405,0.56,1,Bohemian Rhapsody,2018,52000000.0,910813521.0,17.515644634615384,correct,15.515644634615384
424783,1,5,0.2741625905036926,0.57,0,Bumblebee,2018,135000000.0,467989645.0,3.466589962962963,false_negative,1.466589962962963
425148,1,2,0.3426053822040558,0.54,0,Show Dogs,2018,5500000.0,38830219.0,7.060039818181818,false_negative,5.060039818181818
425274,1,3,0.8848655819892883,0.53,1,Now You See Me: Now You Don't,2025,90000000.0,243700000.0,2.707777777777778,correct,0.7077777777777778
425909,1,1,0.7806421518325806,0.56,1,Ghostbusters: Afterlife,2021,75000000.0,204445747.0,2.725943293333333,correct,0.7259432933333332
426063,1,1,0.634835422039032,0.56,1,Nosferatu,2024,50000000.0,181805645.0,3.6361129,correct,1.6361129
427641,1,3,0.5003014802932739,0.53,0,Rampage,2018,120000000.0,428028233.0,3.5669019416666665,false_negative,1.5669019416666665
428078,0,2,0.3833535313606262,0.54,0,Mortal Engines,2018,100000000.0,83869818.0,0.83869818,correct,1.16130182
429617,1,3,0.9119792580604552,0.53,1,Spider-Man: Far From Home,2019,160000000.0,1132723226.0,7.0795201625,correct,5.0795201625
431693,0,1,0.5237837433815002,0.56,0,Spies in Disguise,2019,100000000.0,171616764.0,1.71616764,correct,0.2838323599999999
433808,0,2,0.1725069284439087,0.54,0,The Ritual,2017,1000000.0,1786396.0,1.786396,correct,0.2136039999999999
436270,0,5,0.1443388164043426,0.57,0,Black Adam,2022,200000000.0,393452111.0,1.967260555,correct,0.032739445000000034
436969,0,1,0.6160483956336975,0.56,1,The Suicide Squad,2021,185000000.0,168717425.0,0.911986081081081,false_positive,1.0880139189189189
438148,1,3,0.7165980339050293,0.53,1,Minions: The Rise of Gru,2022,85000000.0,940203765.0,11.061220764705883,correct,9.061220764705883
438631,1,1,0.7506468892097473,0.56,1,Dune,2021,165000000.0,410668500.0,2.4889,correct,0.4889000000000001
438695,1,5,0.677699625492096,0.57,1,Sing 2,2021,85000000.0,408402685.0,4.804737470588235,correct,2.8047374705882353
439079,1,4,0.9444043040275574,0.51,1,The Nun,2018,22000000.0,366082797.0,16.640127136363635,correct,14.640127136363635
440471,0,2,0.5846696496009827,0.54,1,Escape Plan 2: Hades,2018,20000000.0,17592626.0,0.8796313,false_positive,1.1203687
441130,0,4,0.2061603814363479,0.51,0,Wolfwalkers,2020,12000000.0,1310720.0,0.1092266666666666,correct,1.8907733333333334
443791,0,3,0.3382554650306701,0.53,0,Underwater,2020,50000000.0,40882928.0,0.81765856,correct,1.18234144
445571,1,4,0.729981005191803,0.51,1,Game Night,2018,37000000.0,117501013.0,3.175703054054054,correct,1.175703054054054
446354,1,3,0.7127448916435242,0.53,1,The Post,2017,50000000.0,179769467.0,3.59538934,correct,1.59538934
446893,0,1,0.9033201932907104,0.56,1,Trolls World Tour,2020,90000000.0,49276818.0,0.5475202,false_positive,1.4524797999999999
447273,0,4,0.3783565759658813,0.51,0,Snow White,2025,271600000.0,205679463.0,0.7572881553755523,correct,1.2427118446244476
447277,0,4,0.2580740451812744,0.51,0,The Little Mermaid,2023,297000000.0,569626289.0,1.917933632996633,correct,0.082066367003367
447332,1,1,0.9217139482498168,0.56,1,A Quiet Place,2018,17000000.0,340955294.0,20.05619376470588,correct,18.05619376470588
447365,1,3,0.6314247846603394,0.53,1,Guardians of the Galaxy Vol. 3,2023,250000000.0,845550000.0,3.3822,correct,1.3822
447404,1,5,0.3120506405830383,0.57,0,Pokémon Detective Pikachu,2019,150000000.0,450063166.0,3.000421106666667,false_negative,1.0004211066666668
448119,0,1,0.5912012457847595,0.56,1,Dolittle,2020,175000000.0,251410631.0,1.4366321771428572,false_positive,0.5633678228571428
449176,1,2,0.9168665409088136,0.54,1,"Love, Simon",2018,17000000.0,66316289.0,3.900958176470588,correct,1.900958176470588
449443,1,3,0.9349504113197328,0.53,1,Den of Thieves,2018,30000000.0,80509622.0,2.6836540666666666,correct,0.6836540666666666
450465,1,3,0.8670161962509155,0.53,1,Glass,2019,20000000.0,246999039.0,12.34995195,correct,10.34995195
451048,0,5,0.1371380388736724,0.57,0,Jungle Cruise,2021,200000000.0,220889446.0,1.10444723,correct,0.8955527700000001
452557,1,5,0.7230162620544434,0.57,1,Wolf Warrior 2,2017,30100000.0,870325439.0,28.91446641196013,correct,26.91446641196013
453395,1,5,0.6873039603233337,0.57,1,Doctor Strange in the Multiverse of Madness,2022,350600000.0,955775804.0,2.7261146719908727,correct,0.7261146719908727
453405,0,2,0.2127945721149444,0.54,0,Gemini Man,2019,140000000.0,173469516.0,1.2390679714285715,correct,0.7609320285714285
454619,1,1,0.8845834136009216,0.56,1,Overboard,2018,12000000.0,91244913.0,7.60374275,correct,5.60374275
454626,1,2,0.6990435719490051,0.54,1,Sonic the Hedgehog,2020,85000000.0,319715683.0,3.761360976470588,correct,1.7613609764705882
454640,1,3,0.9168339371681212,0.53,1,The Angry Birds Movie 2,2019,65000000.0,137792047.0,2.119877646153846,correct,0.11987764615384622
456740,0,3,0.3189531564712524,0.53,0,Hellboy,2019,50000000.0,55065289.0,1.10130578,correct,0.8986942200000001
458156,1,3,0.9220890998840332,0.53,1,John Wick: Chapter 3 - Parabellum,2019,55000000.0,328349908.0,5.969998327272728,correct,3.9699983272727284
458305,0,1,0.2566293478012085,0.56,0,Vivarium,2019,4000000.0,488000.0,0.122,correct,1.8780000000000001
458576,0,1,0.1731173992156982,0.56,0,Monster Hunter,2020,60000000.0,42145959.0,0.70243265,correct,1.29756735
458723,1,4,0.8603428602218628,0.51,1,Us,2019,20000000.0,256071218.0,12.8035609,correct,10.8035609
459151,0,1,0.8669371604919434,0.56,1,The Boss Baby: Family Business,2021,82000000.0,146745280.0,1.7895765853658536,false_positive,0.21042341463414638
460458,0,3,0.3417181968688965,0.53,0,Resident Evil: Welcome to Raccoon City,2021,25000000.0,41914915.0,1.6765966,correct,0.3234033999999999
460465,1,3,0.7213539481163025,0.53,1,Mortal Kombat,2021,20000000.0,84426031.0,4.22130155,correct,2.2213015499999997
460555,1,4,0.4617262780666351,0.51,0,Operation Red Sea,2018,70000000.0,579330426.0,8.276148942857143,false_negative,6.276148942857143
464052,0,3,0.609111487865448,0.53,1,Wonder Woman 1984,2020,200000000.0,169601036.0,0.84800518,false_positive,1.15199482
466272,1,4,0.9570616483688354,0.51,1,Once Upon a Time... in Hollywood,2019,95000000.0,393869691.0,4.145996747368421,correct,2.1459967473684207
466420,0,4,0.5847613215446472,0.51,1,Killers of the Flower Moon,2023,200000000.0,158722599.0,0.793612995,false_positive,1.2063870049999998
467938,0,1,0.5186191201210022,0.56,0,Revenge,2017,2900000.0,938055.0,0.3234672413793103,correct,1.6765327586206897
473033,1,4,0.3197592794895172,0.51,0,Uncut Gems,2019,19000000.0,50023780.0,2.6328305263157894,false_negative,0.6328305263157894
474350,1,1,0.8748854398727417,0.56,1,It Chapter Two,2019,79000000.0,473123154.0,5.988900683544304,correct,3.988900683544304
475557,1,5,0.897294282913208,0.57,1,Joker,2019,55000000.0,1078958629.0,19.617429618181816,correct,17.617429618181816
476669,0,4,0.5247548222541809,0.51,1,The King's Man,2021,100000000.0,125897478.0,1.25897478,false_positive,0.74102522
479455,1,5,0.3163776397705078,0.57,0,Men in Black: International,2019,110000000.0,253890701.0,2.3080972818181817,false_negative,0.30809728181818175
479718,1,3,0.6308944225311279,0.53,1,The Outlaws,2017,5900000.0,52946454.0,8.973975254237288,correct,6.973975254237288
480530,1,3,0.9417324662208556,0.53,1,Creed II,2018,50000000.0,214200000.0,4.284,correct,2.284
481084,1,1,0.8727712035179138,0.56,1,The Addams Family,2019,40000000.0,204394183.0,5.109854575,correct,3.109854575
484641,0,4,0.4258357286453247,0.51,0,Anna,2019,34000000.0,31626978.0,0.9302052352941176,correct,1.0697947647058825
489999,1,3,0.8929601907730103,0.53,1,Searching,2018,880000.0,75636047.0,85.95005340909091,correct,83.95005340909091
490132,1,5,0.9224181175231934,0.57,1,Green Book,2018,23000000.0,321752656.0,13.989245913043478,correct,11.989245913043478
491418,1,2,0.7976527214050293,0.54,1,Instant Family,2018,48000000.0,121000000.0,2.520833333333333,correct,0.520833333333333
493529,0,4,0.4661491215229034,0.51,0,Dungeons & Dragons: Honor Among Thieves,2023,151000000.0,208200000.0,1.3788079470198675,correct,0.6211920529801325
493922,1,3,0.8456115126609802,0.53,1,Hereditary,2018,10000000.0,87796204.0,8.7796204,correct,6.779620400000001
495764,1,2,0.4984018802642822,0.54,0,Birds of Prey (and the Fantabulous Emancipation of One Harley Quinn),2020,75000000.0,205537933.0,2.740505773333333,false_negative,0.7405057733333331
496243,1,5,0.8973274230957031,0.57,1,Parasite,2019,11363000.0,257591776.0,22.6693457713632,correct,20.6693457713632
496450,0,2,0.4344395995140075,0.54,0,"Miraculous: Ladybug & Cat Noir, The Movie",2023,86000000.0,40208268.0,0.467538,correct,1.532462
497698,0,2,0.3278097808361053,0.54,0,Black Widow,2021,200000000.0,379751131.0,1.898755655,correct,0.10124434500000001
500006,0,1,0.6526500582695007,0.56,1,Utøya: July 22,2018,22000000.0,3738618.0,0.1699371818181818,false_positive,1.8300628181818182
500664,1,3,0.6022107005119324,0.53,1,Upgrade,2018,3000000.0,16976561.0,5.658853666666666,correct,3.6588536666666656
502356,1,4,0.9224026203155518,0.51,1,The Super Mario Bros. Movie,2023,100000000.0,1360879735.0,13.60879735,correct,11.60879735
503919,0,3,0.4730817377567291,0.53,0,The Lighthouse,2019,11000000.0,18262464.0,1.660224,correct,0.3397760000000001
505026,0,5,0.7865280508995056,0.57,1,Death on the Nile,2022,90000000.0,137307235.0,1.5256359444444445,false_positive,0.4743640555555555
505642,1,5,0.6732637286186218,0.57,1,Black Panther: Wakanda Forever,2022,250000000.0,859102154.0,3.436408616,correct,1.436408616
507076,0,3,0.7738228440284729,0.53,1,Climax,2018,2900000.0,1696075.0,0.584853448275862,false_positive,1.415146551724138
507086,0,2,0.7161561846733093,0.54,1,Jurassic World Dominion,2022,658800000.0,1004004592.0,1.523989969641773,false_positive,0.4760100303582271
507089,1,5,0.9573887586593628,0.57,1,Five Nights at Freddy's,2023,20000000.0,297242145.0,14.86210725,correct,12.86210725
508439,0,2,0.173714742064476,0.54,0,Onward,2020,200000000.0,141888276.0,0.70944138,correct,1.29055862
508442,0,1,0.2884474098682403,0.56,0,Soul,2020,150000000.0,121977511.0,0.8131834066666667,correct,1.1868165933333334
508883,1,3,0.5191614627838135,0.53,0,The Boy and the Heron,2023,50000000.0,294200000.0,5.884,false_negative,3.8840000000000003
508935,1,2,0.1449264585971832,0.54,0,The Eight Hundred,2020,80000000.0,461421559.0,5.7677694875,false_negative,3.7677694875
508943,0,1,0.3490786850452423,0.56,0,Luca,2021,200000000.0,51074773.0,0.255373865,correct,1.744626135
508947,0,5,0.3591445982456207,0.57,0,Turning Red,2022,175000000.0,21813358.0,0.12464776,correct,1.87535224
512195,0,1,0.0705584213137626,0.56,0,Red Notice,2021,160000000.0,178143.0,0.00111339375,correct,1.99888660625
512200,1,4,0.9101589322090148,0.51,1,Jumanji: The Next Level,2019,125000000.0,801693929.0,6.413551432,correct,4.413551432
514847,0,3,0.3550596535205841,0.53,0,The Hunt,2020,14000000.0,12400979.0,0.8857842142857143,correct,1.1142157857142858
515001,1,4,0.7481938600540161,0.51,1,Jojo Rabbit,2019,14000000.0,82468705.0,5.890621785714286,correct,3.890621785714286
516632,0,3,0.3483486771583557,0.53,0,The Empty Man,2020,16000000.0,4796993.0,0.2998120625,correct,1.7001879375
517814,1,5,0.4506449401378631,0.57,0,Capernaum,2018,4000000.0,64978931.0,16.24473275,false_negative,14.24473275
519182,1,2,0.7630249857902527,0.54,1,Despicable Me 4,2024,100000000.0,972021410.0,9.7202141,correct,7.7202141
520023,1,5,0.3759862780570984,0.57,0,Bodies Bodies Bodies,2022,3000000.0,13929670.0,4.643223333333333,false_negative,2.6432233333333333
520763,1,1,0.8126451969146729,0.56,1,A Quiet Place Part II,2021,55000000.0,297372261.0,5.406768381818182,correct,3.406768381818182
522162,0,5,0.5808782577514648,0.57,1,Midway,2019,100000000.0,127400000.0,1.274,false_positive,0.726
522627,1,2,0.4755282402038574,0.54,0,The Gentlemen,2020,22000000.0,115171795.0,5.235081590909091,false_negative,3.2350815909090906
522931,0,4,0.3096921443939209,0.51,0,Hitman's Wife's Bodyguard,2021,70000000.0,70060492.0,1.0008641714285715,correct,0.9991358285714285
522938,0,2,0.8328731656074524,0.54,1,Rambo: Last Blood,2019,50000000.0,91500000.0,1.83,false_positive,0.16999999999999993
524047,0,5,0.8271339535713196,0.57,1,Greenland,2020,34000000.0,52300000.0,1.5382352941176471,false_positive,0.46176470588235285
524434,1,1,0.1899113357067108,0.56,0,Eternals,2021,200000000.0,402064899.0,2.010324495,false_negative,0.010324494999999878
527774,0,2,0.2136047780513763,0.54,0,Raya and the Last Dragon,2021,100000000.0,130423032.0,1.30423032,correct,0.69576968
529203,1,5,0.4337916672229767,0.57,0,The Croods: A New Age,2020,65000000.0,215905815.0,3.3216279230769232,false_negative,1.3216279230769232
530254,1,2,0.6495432257652283,0.54,1,The Witch: Part 1. The Subversion,2018,5500000.0,24340302.0,4.425509454545455,correct,2.4255094545454554
530385,1,5,0.8276665210723877,0.57,1,Midsommar,2019,9000000.0,48498408.0,5.388712,correct,3.388712
530915,1,5,0.5417684316635132,0.57,0,1917,2019,100000000.0,446064352.0,4.46064352,false_negative,2.4606435199999996
531309,1,4,0.4399437308311462,0.51,0,Brightburn,2019,6000000.0,33224654.0,5.537442333333333,false_negative,3.537442333333333
531428,0,3,0.7721313834190369,0.53,1,Portrait of a Lady on Fire,2019,5740000.0,9923127.0,1.7287677700348432,false_positive,0.27123222996515683
533533,0,2,0.6274739503860474,0.54,1,TRON: Ares,2025,220000000.0,142249983.0,0.6465908318181818,false_positive,1.3534091681818183
533535,1,5,0.60931795835495,0.57,1,Deadpool & Wolverine,2024,200000000.0,1338073645.0,6.690368225,correct,4.690368225
536554,1,5,0.9613689184188844,0.57,1,M3GAN,2022,12000000.0,181796517.0,15.14970975,correct,13.14970975
537915,1,5,0.9420692920684814,0.57,1,After,2019,14000000.0,69497587.0,4.964113357142857,correct,2.964113357142857
539972,0,3,0.2166734039783477,0.53,0,Kraven the Hunter,2024,130000000.0,62076533.0,0.4775117923076923,correct,1.5224882076923076
541671,0,3,0.5439053773880005,0.53,1,Ballerina,2025,90000000.0,137408107.0,1.5267567444444443,false_positive,0.4732432555555557
545611,1,3,0.6972934007644653,0.53,1,Everything Everywhere All at Once,2022,25000000.0,139200000.0,5.568,correct,3.5679999999999996
546554,1,4,0.9597756266593932,0.51,1,Knives Out,2019,40000000.0,312897920.0,7.822448,correct,5.822448
549509,1,2,0.8365293741226196,0.54,1,The Brutalist,2024,9600000.0,50145227.0,5.223461145833333,correct,3.2234611458333333
550988,1,2,0.4202014803886413,0.54,0,Free Guy,2021,110000000.0,331526598.0,3.013878163636364,false_negative,1.013878163636364
552524,1,5,0.8809561729431152,0.57,1,Lilo & Stitch,2025,100000000.0,1038027526.0,10.38027526,correct,8.38027526
558449,0,5,0.4537780880928039,0.57,0,Gladiator II,2024,310000000.0,462180717.0,1.4909055387096777,correct,0.5090944612903223
560016,1,3,0.6063382029533386,0.53,1,Monkey Man,2024,10000000.0,35271631.0,3.5271631,correct,1.5271631
565770,0,2,0.5489895343780518,0.54,1,Blue Beetle,2023,104000000.0,130788072.0,1.2575776153846154,false_positive,0.7424223846153846
566525,1,5,0.2231442928314209,0.57,0,Shang-Chi and the Legend of the Ten Rings,2021,150000000.0,432243292.0,2.881621946666667,false_negative,0.8816219466666668
567609,1,3,0.9026498198509216,0.53,1,Ready or Not,2019,6000000.0,57615777.0,9.6026295,correct,7.602629500000001
568124,0,5,0.6874682307243347,0.57,1,Encanto,2021,150000000.0,261292688.0,1.7419512533333332,false_positive,0.2580487466666668
568160,1,5,0.8259291648864746,0.57,1,Weathering with You,2019,11100000.0,192729404.0,17.36300936936937,correct,15.363009369369369
569094,1,1,0.8825370073318481,0.56,1,Spider-Man: Across the Spider-Verse,2023,100000000.0,690897910.0,6.9089791,correct,4.9089791
570670,1,1,0.6300007700920105,0.56,1,The Invisible Man,2020,7000000.0,144492724.0,20.641817714285715,correct,18.641817714285715
572802,1,2,0.5649643540382385,0.54,1,Aquaman and the Lost Kingdom,2023,205000000.0,440181226.0,2.1472254926829266,correct,0.14722549268292662
573435,1,4,0.5942565202713013,0.51,1,Bad Boys: Ride or Die,2024,100000000.0,404547819.0,4.04547819,correct,2.04547819
574475,1,2,0.9236921072006226,0.54,1,Final Destination Bloodlines,2025,50000000.0,317854739.0,6.35709478,correct,4.35709478
575264,1,2,0.6981498003005981,0.54,1,Mission: Impossible - Dead Reckoning Part One,2023,220000000.0,571125435.0,2.5960247045454548,correct,0.5960247045454548
575265,0,2,0.7603495121002197,0.54,1,Mission: Impossible - The Final Reckoning,2025,400000000.0,598767057.0,1.4969176425,false_positive,0.5030823575000001
576845,0,5,0.6318259835243225,0.57,1,Last Night in Soho,2021,43000000.0,22957625.0,0.5338982558139534,false_positive,1.4661017441860467
577922,0,5,0.5644143223762512,0.57,0,Tenet,2020,205000000.0,365304105.0,1.781971243902439,correct,0.2180287560975609
579974,1,1,0.3782087862491607,0.56,0,RRR,2022,69000000.0,160000000.0,2.318840579710145,false_negative,0.318840579710145
580175,1,4,0.727180540561676,0.51,1,Another Round,2020,5150000.0,21700000.0,4.213592233009709,correct,2.2135922330097086
580489,1,1,0.6097095012664795,0.56,1,Venom: Let There Be Carnage,2021,110000000.0,506863592.0,4.607850836363636,correct,2.607850836363636
581392,1,2,0.626798152923584,0.54,1,Peninsula,2020,17000000.0,42698327.0,2.511666294117647,correct,0.5116662941176471
581528,1,1,0.2902328073978424,0.56,0,"The Gangster, the Cop, the Devil",2019,6500000.0,25775371.0,3.965441692307692,false_negative,1.9654416923076918
582014,1,5,0.7537186741828918,0.57,1,Promising Young Woman,2020,10000000.0,20379604.0,2.0379604,correct,0.03796039999999978
585083,0,1,0.4456059038639068,0.56,0,Hotel Transylvania: Transformania,2022,75000000.0,18500000.0,0.2466666666666666,correct,1.7533333333333334
585245,0,2,0.1278563141822815,0.54,0,Clifford the Big Red Dog,2021,64000000.0,116586376.0,1.821662125,correct,0.17833787499999998
586863,1,2,0.7561941146850586,0.54,1,Les Misérables,2019,2500000.0,54606372.0,21.8425488,correct,19.8425488
587792,0,3,0.6082780957221985,0.53,1,Palm Springs,2020,5000000.0,1818417.0,0.3636834,false_positive,1.6363166
587807,1,5,0.4623287916183471,0.57,0,Tom & Jerry,2021,50000000.0,136536687.0,2.73073374,false_negative,0.7307337399999998
588228,0,4,0.0429399199783802,0.51,0,The Tomorrow War,2021,200000000.0,14400000.0,0.072,correct,1.928
588648,0,5,0.2456057965755462,0.57,0,Dragonkeeper,2024,25600000.0,6206231.0,0.2424308984375,correct,1.7575691015625
590223,0,1,0.2359754741191864,0.56,0,Love and Monsters,2020,30000000.0,1122066.0,0.0374022,correct,1.9625978
592695,0,4,0.2456025779247284,0.51,0,Pleasure,2021,1800000.0,393824.0,0.2187911111111111,correct,1.7812088888888888
593643,1,3,0.6674164533615112,0.53,1,The Menu,2022,35000000.0,79628200.0,2.2750914285714288,correct,0.27509142857142876
600354,1,5,0.6207544207572937,0.57,1,The Father,2020,6000000.0,21029340.0,3.50489,correct,1.50489
601796,0,3,0.4222123622894287,0.53,0,Alienoid,2022,24500000.0,12109608.0,0.4942697142857143,correct,1.5057302857142858
603692,1,5,0.704999566078186,0.57,1,John Wick: Chapter 4,2023,100000000.0,447316405.0,4.47316405,correct,2.4731640500000003
604079,1,4,0.5612687468528748,0.51,1,The Long Walk,2025,20000000.0,63103084.0,3.1551542,correct,1.1551542000000001
609681,0,5,0.5771593451499939,0.57,1,The Marvels,2023,274800000.0,206136825.0,0.7501340065502183,false_positive,1.2498659934497818
613504,1,1,0.8267301321029663,0.56,1,After We Collided,2020,14000000.0,47990414.0,3.427886714285714,correct,1.4278867142857141
614479,1,3,0.9130250215530396,0.53,1,Insidious: The Red Door,2023,16000000.0,189086877.0,11.8179298125,correct,9.8179298125
614696,1,3,0.1463809162378311,0.53,0,#Alive,2020,6300000.0,13416285.0,2.1295690476190474,false_negative,0.12956904761904742
615453,1,4,0.4407261610031128,0.51,0,Ne Zha,2019,22000000.0,742718496.0,33.75993163636364,false_negative,31.75993163636364
615457,1,4,0.8186324834823608,0.51,1,Nobody,2021,16000000.0,57512470.0,3.594529375,correct,1.594529375
615656,1,5,0.682059109210968,0.57,1,Meg 2: The Trench,2023,129000000.0,398500317.0,3.0891497441860465,correct,1.0891497441860465
615777,0,1,0.766551673412323,0.56,1,Babylon,2022,78000000.0,65267446.0,0.8367621282051282,false_positive,1.163237871794872
616037,1,4,0.5402070879936218,0.51,1,Thor: Love and Thunder,2022,250000000.0,760928081.0,3.043712324,correct,1.043712324
617126,1,4,0.5314445495605469,0.51,1,The Fantastic 4: First Steps,2025,229600000.0,521858728.0,2.272903867595818,correct,0.2729038675958182
619264,0,5,0.6230628490447998,0.57,1,The Platform,2019,1203235.0,1090116.0,0.905987608405673,false_positive,1.094012391594327
619803,1,5,0.4424733519554138,0.57,0,The Roundup,2022,7600000.0,101166707.0,13.311408815789472,false_negative,11.311408815789472
624860,0,2,0.4498804807662964,0.54,0,The Matrix Resurrections,2021,190000000.0,156497322.0,0.8236701157894737,correct,1.1763298842105263
629542,1,3,0.8151218295097351,0.53,1,The Bad Guys,2022,80000000.0,250162278.0,3.127028475,correct,1.127028475
631843,1,5,0.8887468576431274,0.57,1,Old,2021,18000000.0,90146510.0,5.008139444444445,correct,3.0081394444444447
634429,1,3,0.2064691483974456,0.53,0,Shin Ultraman,2022,5500000.0,34441594.0,6.262108,false_negative,4.262108
634649,1,5,0.816856324672699,0.57,1,Spider-Man: No Way Home,2021,200000000.0,2019206586.0,10.09603293,correct,8.09603293
635302,1,2,0.581553041934967,0.54,1,Demon Slayer -Kimetsu no Yaiba- The Movie: Mugen Train,2020,15700000.0,523542183.0,33.34663585987261,correct,31.346635859872613
637649,1,1,0.5733862519264221,0.56,1,Wrath of Man,2021,40000000.0,103966489.0,2.599162225,correct,0.5991622250000002
639933,0,3,0.345205157995224,0.53,0,The Northman,2022,70000000.0,69633110.0,0.9947587142857144,correct,1.0052412857142856
640146,0,1,0.8215682506561279,0.56,1,Ant-Man and the Wasp: Quantumania,2023,326600000.0,476071180.0,1.4576582363747703,false_positive,0.5423417636252297
646380,0,2,0.5787686705589294,0.54,1,Don't Look Up,2021,75000000.0,791863.0,0.0105581733333333,false_positive,1.9894418266666667
646385,1,1,0.9571763277053832,0.56,1,Scream,2022,24000000.0,138874789.0,5.786449541666666,correct,3.7864495416666664
653346,1,1,0.3860701620578766,0.56,0,Kingdom of the Planet of the Apes,2024,160000000.0,397378150.0,2.4836134375,false_negative,0.48361343749999985
660120,1,5,0.3192366659641266,0.57,0,The Worst Person in the World,2021,5000000.0,12687507.0,2.5375014,false_negative,0.5375014
661374,0,1,0.6668894290924072,0.56,1,Glass Onion: A Knives Out Mystery,2022,40000000.0,15000000.0,0.375,false_positive,1.625
663712,1,2,0.7029982209205627,0.54,1,Terrifier 2,2022,250000.0,15815602.0,63.262408,correct,61.262408
666277,1,5,0.8260968327522278,0.57,1,Past Lives,2023,12000000.0,28126646.0,2.3438871666666667,correct,0.34388716666666674
667538,1,1,0.0500013977289199,0.56,0,Transformers: Rise of the Beasts,2023,195000000.0,441381193.0,2.263493297435897,false_negative,0.2634932974358968
670292,0,4,0.5356543660163879,0.51,1,The Creator,2023,80000000.0,104272136.0,1.3034017,false_positive,0.6965983
675353,1,4,0.8200936317443848,0.51,1,Sonic the Hedgehog 2,2022,110000000.0,405421518.0,3.685650163636363,correct,1.685650163636363
675445,1,3,0.6771548986434937,0.53,1,PAW Patrol: The Movie,2021,26000000.0,144327371.0,5.55105273076923,correct,3.5510527307692303
682507,1,3,0.8165619373321533,0.53,1,Where the Crawdads Sing,2022,24000000.0,144353965.0,6.014748541666667,correct,4.014748541666667
693134,1,4,0.8942322731018066,0.51,1,Dune: Part Two,2024,190000000.0,714844358.0,3.7623387263157895,correct,1.7623387263157895
695721,1,1,0.8322210907936096,0.56,1,The Hunger Games: The Ballad of Songbirds & Snakes,2023,100000000.0,337371917.0,3.37371917,correct,1.3737191700000002
698508,0,1,0.4802368283271789,0.56,0,Redeeming Love,2022,30000000.0,9464198.0,0.3154732666666666,correct,1.6845267333333334
698687,0,3,0.2522944808006286,0.53,0,Transformers One,2024,75000000.0,129408392.0,1.7254452266666669,correct,0.2745547733333331
701387,0,3,0.3910606205463409,0.53,0,Bugonia,2025,55000000.0,43500000.0,0.7909090909090909,correct,1.209090909090909
713704,1,3,0.8575420379638672,0.53,1,Evil Dead Rise,2023,15000000.0,147256372.0,9.817091466666668,correct,7.8170914666666675
718789,0,4,0.2717387676239013,0.51,0,Lightyear,2022,200000000.0,226425420.0,1.1321271,correct,0.8678729000000001
718930,1,3,0.2960481345653534,0.53,0,Bullet Train,2022,90000000.0,239268602.0,2.658540022222222,false_negative,0.6585400222222222
724495,0,1,0.3132968246936798,0.56,0,The Woman King,2022,50000000.0,97562514.0,1.95125028,correct,0.048749719999999996
725201,0,3,0.1052755936980247,0.53,0,The Gray Man,2022,200000000.0,454023.0,0.002270115,correct,1.997729885
744275,0,3,0.8215551376342773,0.53,1,After We Fell,2021,14000000.0,21753705.0,1.5538360714285715,false_positive,0.4461639285714285
746036,0,2,0.4579801857471466,0.54,0,The Fall Guy,2024,125000000.0,181073291.0,1.448586328,correct,0.551413672
748783,1,4,0.9049960374832152,0.51,1,The Garfield Movie,2024,60000000.0,254907482.0,4.248458033333334,correct,2.2484580333333337
752623,1,3,0.2111529409885406,0.53,0,The Lost City,2022,74000000.0,192907684.0,2.606860594594594,false_negative,0.6068605945945942
756999,1,4,0.8238050937652588,0.51,1,The Black Phone,2022,16000000.0,161441914.0,10.090119625,correct,8.090119625
760104,1,3,0.7930426597595215,0.53,1,X,2022,1000000.0,14745049.0,14.745049,correct,12.745049
762441,1,1,0.3421216607093811,0.56,0,A Quiet Place: Day One,2024,67000000.0,261907653.0,3.909069447761194,false_negative,1.909069447761194
762504,1,4,0.5806456208229065,0.51,1,Nope,2022,68000000.0,171932082.0,2.5284129705882354,correct,0.5284129705882354
762509,1,1,0.5720880627632141,0.56,1,Mufasa: The Lion King,2024,200000000.0,722631756.0,3.61315878,correct,1.61315878
763215,0,2,0.1006675437092781,0.54,0,Damsel,2024,60000000.0,5000.0,8.333333333333333e-05,correct,1.9999166666666666
776503,0,2,0.6934661269187927,0.54,1,CODA,2021,10000000.0,1905058.0,0.1905058,false_positive,1.8094942
785084,1,4,0.6181433200836182,0.51,1,The Whale,2022,3000000.0,57615635.0,19.205211666666667,correct,17.205211666666667
785663,0,4,0.0938603207468986,0.51,0,Old Henry,2021,1500000.0,77463.0,0.051642,correct,1.948358
786892,0,5,0.4784369766712188,0.57,0,Furiosa: A Mad Max Saga,2024,168000000.0,174287546.0,1.037425869047619,correct,0.962574130952381
787459,1,2,0.2395552545785904,0.54,0,"Dad, I'm Sorry",2021,954000.0,17130489.0,17.95648742138365,false_negative,15.956487421383649
787699,1,1,0.8251228928565979,0.56,1,Wonka,2023,125000000.0,634502312.0,5.076018496,correct,3.0760184959999997
796185,0,1,0.3368381261825561,0.56,0,The Three Musketeers: D'Artagnan,2023,27500000.0,31843086.0,1.1579304,correct,0.8420696000000001
798645,0,5,0.3306215107440948,0.57,0,The Running Man,2025,110000000.0,69000000.0,0.6272727272727273,correct,1.3727272727272726
799379,0,3,0.3839997351169586,0.53,0,Project Wolf Hunting,2022,9000000.0,20541.0,0.0022823333333333,correct,1.9977176666666667
799583,0,1,0.2997374832630157,0.56,0,The Ministry of Ungentlemanly Warfare,2024,60000000.0,29768915.0,0.4961485833333333,correct,1.5038514166666668
800158,0,3,0.2597850263118744,0.53,0,The Killer,2023,175000000.0,362113.0,0.0020692171428571,correct,1.9979307828571429
803796,0,5,0.2283919006586074,0.57,0,KPop Demon Hunters,2025,100000000.0,24619953.0,0.24619953,correct,1.75380047
812583,0,2,0.3536083996295929,0.54,0,Wake Up Dead Man: A Knives Out Mystery,2025,210000000.0,4000000.0,0.019047619047619,correct,1.980952380952381
822119,1,1,0.68471759557724,0.56,1,Captain America: Brave New World,2025,180000000.0,415101577.0,2.3061198722222223,correct,0.30611987222222226
823464,1,5,0.7418850064277649,0.57,1,Godzilla x Kong: The New Empire,2024,150000000.0,571750016.0,3.811666773333333,correct,1.8116667733333331
838240,0,4,0.4384098052978515,0.51,0,Robot Dreams,2023,5300000.0,4656348.0,0.8785562264150943,correct,1.1214437735849057
840705,1,2,0.7236663103103638,0.54,1,Blink Twice,2024,20000000.0,46393906.0,2.3196953,correct,0.3196952999999998
842675,1,3,0.3341196775436401,0.53,0,The Wandering Earth II,2023,73800000.0,665000000.0,9.010840108401084,false_negative,7.010840108401084
845781,0,2,0.2194154411554336,0.54,0,Red One,2024,250000000.0,185700759.0,0.742803036,correct,1.257196964
854239,0,1,0.6675201058387756,0.56,1,Till,2022,33000000.0,11498884.0,0.3484510303030303,false_positive,1.6515489696969696
856289,1,2,0.4471806287765503,0.54,0,Creation of the Gods I: Kingdom of Storms,2023,85000000.0,369081777.0,4.342138552941177,false_negative,2.3421385529411767
858024,1,4,0.8463088274002075,0.51,1,Hamnet,2025,30000000.0,107756183.0,3.5918727666666665,correct,1.5918727666666665
866398,1,3,0.795102596282959,0.53,1,The Beekeeper,2024,35000000.0,162619535.0,4.646272428571429,correct,2.6462724285714287
870028,0,3,0.6988941431045532,0.53,1,The Accountant²,2025,80000000.0,103223366.0,1.290292075,false_positive,0.709707925
872585,1,5,0.6751296520233154,0.57,1,Oppenheimer,2023,100000000.0,952000000.0,9.52,correct,7.52
877269,0,2,0.1325092613697052,0.54,0,Strange World,2022,180000000.0,73621640.0,0.4090091111111111,correct,1.5909908888888888
882569,0,2,0.2271697968244552,0.54,0,Guy Ritchie's The Covenant,2023,55000000.0,21948551.0,0.3990645636363636,correct,1.6009354363636363
882598,1,4,0.8849433660507202,0.51,1,Smile,2022,17000000.0,217408513.0,12.78873605882353,correct,10.78873605882353
884605,0,5,0.8611149191856384,0.57,1,No Hard Feelings,2023,45000000.0,83000000.0,1.8444444444444448,false_positive,0.15555555555555522
889737,0,3,0.5598462224006653,0.53,1,Joker: Folie à Deux,2024,190000000.0,207500287.0,1.0921067736842105,false_positive,0.9078932263157895
893723,1,2,0.9270396828651428,0.54,1,PAW Patrol: The Mighty Movie,2023,30000000.0,202231360.0,6.741045333333333,correct,4.741045333333333
901362,1,1,0.8744458556175232,0.56,1,Trolls Band Together,2023,95000000.0,210231405.0,2.212962157894737,correct,0.21296215789473694
911430,1,3,0.8247288465499878,0.53,1,F1,2025,300000000.0,634142436.0,2.11380812,correct,0.11380811999999985
912649,1,4,0.8922862410545349,0.51,1,Venom: The Last Dance,2024,120000000.0,478937618.0,3.991146816666667,correct,1.9911468166666668
913290,1,4,0.248299703001976,0.51,0,Barbarian,2022,4500000.0,45400000.0,10.088888888888889,false_negative,8.088888888888889
915935,1,1,0.704241931438446,0.56,1,Anatomy of a Fall,2023,6600000.0,36000000.0,5.454545454545454,correct,3.454545454545454
916224,1,2,0.8309174180030823,0.54,1,Suzume,2022,13000000.0,314992206.0,24.23016969230769,correct,22.23016969230769
917496,1,5,0.8041163682937622,0.57,1,Beetlejuice Beetlejuice,2024,99000000.0,452000435.0,4.565660959595959,correct,2.5656609595959594
926393,1,1,0.6075035929679871,0.56,1,The Equalizer 3,2023,70000000.0,191067560.0,2.7295365714285715,correct,0.7295365714285715
929590,1,2,0.280871570110321,0.54,0,Civil War,2024,50000000.0,126542249.0,2.53084498,false_negative,0.5308449799999999
930564,0,1,0.2674221992492676,0.56,0,Saltburn,2023,20000000.0,21013738.0,1.0506869,correct,0.9493130999999999
933260,1,2,0.7701138257980347,0.54,1,The Substance,2024,17500000.0,77316812.0,4.418103542857143,correct,2.4181035428571427
934433,1,5,0.9035777449607848,0.57,1,Scream VI,2023,33000000.0,169063850.0,5.12314696969697,correct,3.12314696969697
937278,1,5,0.5253332853317261,0.57,0,A Man Called Otto,2022,50000000.0,113360085.0,2.2672017,false_negative,0.2672017000000002
937287,0,1,0.645291805267334,0.56,1,Challengers,2024,55000000.0,94182533.0,1.712409690909091,false_positive,0.2875903090909091
939243,1,2,0.7276983261108398,0.54,1,Sonic the Hedgehog 3,2024,122000000.0,492162604.0,4.034119704918033,correct,2.034119704918033
940551,1,2,0.369939386844635,0.54,0,Migration,2023,72000000.0,298776052.0,4.149667388888889,false_negative,2.149667388888889
940721,1,1,0.8187984228134155,0.56,1,Godzilla Minus One,2023,15000000.0,113676322.0,7.578421466666667,correct,5.578421466666667
945961,1,2,0.6599678993225098,0.54,1,Alien: Romulus,2024,80000000.0,350865342.0,4.385816775,correct,2.3858167750000003
949423,1,3,0.4422118365764618,0.53,0,Pearl,2022,1000000.0,9847490.0,9.84749,false_negative,7.8474900000000005
950387,1,3,0.7864508628845215,0.53,1,A Minecraft Movie,2025,150000000.0,960387780.0,6.4025852,correct,4.4025852
950652,0,2,0.0687568113207817,0.54,0,Granite Jaw,2021,20.0,20.0,1.0,correct,1.0
951572,0,3,0.2510309517383575,0.53,0,The Tub,2018,100.0,100.0,1.0,correct,1.0
952260,0,3,0.1479193866252899,0.53,0,Birth,2020,100.0,100.0,1.0,correct,1.0
952268,0,5,0.0622121952474117,0.57,0,Sink,2020,100.0,100.0,1.0,correct,1.0
967941,1,5,0.8225630521774292,0.57,1,Wicked: For Good,2025,150000000.0,539042601.0,3.59361734,correct,1.5936173400000002
968051,1,5,0.920395016670227,0.57,1,The Nun II,2023,38500000.0,269670590.0,7.004430909090909,correct,5.004430909090909
969492,0,1,0.5410528779029846,0.56,0,Land of Bad,2024,18000000.0,7021101.0,0.3900611666666667,correct,1.6099388333333333
975511,0,4,0.2177875190973281,0.51,0,The Return,2024,20000000.0,3300444.0,0.1650222,correct,1.8349777999999999
976573,1,4,0.4892728924751282,0.51,0,Elemental,2023,200000000.0,496444308.0,2.48222154,false_negative,0.48222153999999984
976893,0,3,0.6638168692588806,0.53,1,Perfect Days,2023,14000000.0,24094016.0,1.7210011428571428,false_positive,0.2789988571428572
980477,1,1,0.6685680747032166,0.56,1,Ne Zha 2,2025,80000000.0,2259822417.0,28.2477802125,correct,26.2477802125
980489,1,3,0.482549250125885,0.53,0,Gran Turismo,2023,60000000.0,121700000.0,2.0283333333333333,false_negative,0.02833333333333332
985939,1,3,0.7868359088897705,0.53,1,Fall,2022,3000000.0,17363261.0,5.787753666666666,correct,3.7877536666666662
986056,1,2,0.5592047572135925,0.54,1,Thunderbolts*,2025,180000000.0,382436917.0,2.124649538888889,correct,0.12464953888888886
991494,1,3,0.8856544494628906,0.53,1,The SpongeBob Movie: Search for SquarePants,2025,64000000.0,163197450.0,2.54996015625,correct,0.54996015625
1007734,0,1,0.901521623134613,0.56,1,Nobody 2,2025,25000000.0,43285109.0,1.73140436,false_positive,0.26859564
1008042,1,2,0.8949809670448303,0.54,1,Talk to Me,2023,4500000.0,91959188.0,20.43537511111111,correct,18.43537511111111
1011985,1,5,0.7759299278259277,0.57,1,Kung Fu Panda 4,2024,80000000.0,548040835.0,6.8505104375,correct,4.8505104375
1022787,0,4,0.3176652789115906,0.51,0,Elio,2025,150000000.0,154291182.0,1.02860788,correct,0.97139212
1022789,1,4,0.5901350378990173,0.51,1,Inside Out 2,2024,200000000.0,1698863816.0,8.49431908,correct,6.49431908
1022796,0,4,0.1855539977550506,0.51,0,Wish,2023,175000000.0,254997360.0,1.4571277714285715,correct,0.5428722285714285
1034541,1,4,0.8721182346343994,0.51,1,Terrifier 3,2024,2000000.0,90322103.0,45.1610515,correct,43.1610515
1035048,0,2,0.2766238451004028,0.54,0,Elevation,2024,18000000.0,3300000.0,0.1833333333333333,correct,1.8166666666666667
1035259,1,2,0.9122297167778016,0.54,1,The Naked Gun,2025,42000000.0,102147396.0,2.432080857142857,correct,0.43208085714285716
1037113,0,4,0.3267775475978851,0.51,0,Snack Shack,2024,3000000.0,455708.0,0.1519026666666666,correct,1.8480973333333335
1038392,1,4,0.8745472431182861,0.51,1,The Conjuring: Last Rites,2025,55000000.0,499256445.0,9.07738990909091,correct,7.077389909090909
1054867,0,1,0.315436452627182,0.56,0,One Battle After Another,2025,175000000.0,209377100.0,1.1964405714285715,correct,0.8035594285714285
1061474,1,5,0.8621542453765869,0.57,1,Superman,2025,225000000.0,618723803.0,2.749883568888889,correct,0.749883568888889
1062722,0,4,0.2500222325325012,0.51,0,Frankenstein,2025,120000000.0,480678.0,0.00400565,correct,1.99599435
1064028,0,2,0.4022628664970398,0.54,0,Subservience,2024,4400000.0,262793.0,0.0597256818181818,correct,1.9402743181818183
1064213,1,5,0.8538702130317688,0.57,1,Anora,2024,6000000.0,56286295.0,9.381049166666669,correct,7.381049166666669
1071215,1,4,0.8692976832389832,0.51,1,Thanksgiving,2023,15000000.0,46553280.0,3.103552,correct,1.103552
1072790,1,4,0.6280202269554138,0.51,1,Anyone but You,2023,25000000.0,214891370.0,8.5956548,correct,6.5956548
1078605,1,2,0.9328502416610718,0.54,1,Weapons,2025,38000000.0,269972492.0,7.104539263157895,correct,5.104539263157895
1079091,1,1,0.6929377317428589,0.56,1,It Ends with Us,2024,55000000.0,351441044.0,6.389837163636364,correct,4.389837163636364
1079485,1,4,0.9080024361610411,0.51,1,Winnie-the-Pooh: Blood and Honey 2,2024,415000.0,7582541.0,18.27118313253012,correct,16.27118313253012
1084199,1,5,0.557158350944519,0.57,0,Companion,2025,10000000.0,36869122.0,3.6869122,false_negative,1.6869122
1084242,1,1,0.8791665434837341,0.56,1,Zootopia 2,2025,150000000.0,1868208796.0,12.454725306666669,correct,10.454725306666669
1084736,0,5,0.4486022889614105,0.57,0,The Count of Monte Cristo,2024,46000000.0,75360860.0,1.6382795652173914,correct,0.3617204347826086
1086747,0,5,0.8520004153251648,0.57,1,The Watchers,2024,30000000.0,51147812.0,1.7049270666666667,false_positive,0.2950729333333333
1087192,1,5,0.7534306049346924,0.57,1,How to Train Your Dragon,2025,150000000.0,636351148.0,4.242340986666667,correct,2.242340986666667
1097549,1,1,0.8724483251571655,0.56,1,Babygirl,2024,20000000.0,60934894.0,3.0467447,correct,1.0467447
1100782,1,5,0.8844903111457825,0.57,1,Smile 2,2024,28000000.0,138128854.0,4.9331733571428575,correct,2.9331733571428575
1100988,1,1,0.7723753452301025,0.56,1,28 Years Later,2025,60000000.0,151308832.0,2.5218138666666667,correct,0.5218138666666667
1114513,1,4,0.6607359051704407,0.51,1,Speak No Evil,2024,15000000.0,77239314.0,5.1492876,correct,3.1492876
1138194,1,3,0.6120618581771851,0.53,1,Heretic,2024,10000000.0,51913394.0,5.1913394,correct,3.1913394000000004
1151031,1,5,0.7840908765792847,0.57,1,Bring Her Back,2025,15000000.0,39410222.0,2.6273481333333333,correct,0.6273481333333333
1153714,0,4,0.4735512435436249,0.51,0,Death of a Unicorn,2025,15000000.0,16423085.0,1.0948723333333332,correct,0.9051276666666668
1160018,0,2,0.4683707356452942,0.54,0,Kill,2024,4800000.0,5600000.0,1.1666666666666667,correct,0.8333333333333333
1167307,0,3,0.4659773409366607,0.53,0,David,2025,60900000.0,85865995.0,1.40995065681445,correct,0.59004934318555
1175942,1,5,0.8337487578392029,0.57,1,The Bad Guys 2,2025,80000000.0,239676236.0,2.99595295,correct,0.99595295
1184918,1,4,0.838360607624054,0.51,1,The Wild Robot,2024,78000000.0,331982078.0,4.256180487179488,correct,2.2561804871794884
1197137,1,2,0.8626973032951355,0.54,1,Black Phone 2,2025,30000000.0,132675749.0,4.422524966666667,correct,2.422524966666667
1197306,1,4,0.578988254070282,0.51,1,A Working Man,2025,40000000.0,89400711.0,2.235017775,correct,0.2350177750000002
1214931,1,1,0.8499581813812256,0.56,1,Nuremberg,2025,11800000.0,37009109.0,3.1363651694915253,correct,1.1363651694915253
1218925,1,5,0.9222949147224426,0.57,1,Chainsaw Man - The Movie: Reze Arc,2025,4100000.0,191400000.0,46.68292682926829,correct,44.68292682926829
1223601,0,4,0.505142092704773,0.51,0,Sisu: Road to Revenge,2025,12200000.0,9811703.0,0.8042379508196721,correct,1.195762049180328
1228246,1,2,0.9103853106498718,0.54,1,Five Nights at Freddy's 2,2025,36000000.0,239568877.0,6.654691027777778,correct,4.654691027777778
1233413,1,1,0.6004374623298645,0.56,1,Sinners,2025,100000000.0,370000000.0,3.7,correct,1.7000000000000002
1234731,1,1,0.4689709842205047,0.56,0,Anaconda,2025,45000000.0,135148320.0,3.003296,false_negative,1.0032960000000002
1234821,1,3,0.660725474357605,0.53,1,Jurassic World Rebirth,2025,180000000.0,869146189.0,4.828589938888889,correct,2.8285899388888893
1241982,1,1,0.7638609409332275,0.56,1,Moana 2,2024,150000000.0,1059242164.0,7.061614426666667,correct,5.061614426666667
1242898,0,3,0.7956525087356567,0.53,1,Predator: Badlands,2025,105000000.0,184500000.0,1.7571428571428571,false_positive,0.24285714285714288
1246049,0,3,0.4105634987354278,0.53,0,Dracula,2025,52000000.0,42404858.0,0.8154780384615384,correct,1.1845219615384615
1284120,0,1,0.4696896374225616,0.56,0,The Ugly Stepsister,2025,4250000.0,5325096.0,1.2529637647058824,correct,0.7470362352941176
1287141,1,2,0.656073272228241,0.54,1,Pillion,2025,1000000.0,6644994.0,6.644994,correct,4.644994
1291608,1,4,0.8011615872383118,0.51,1,Dhurandhar,2025,24000000.0,136599112.0,5.691629666666667,correct,3.6916296666666666
1311031,1,2,0.9040239453315736,0.54,1,Demon Slayer: Kimetsu no Yaiba Infinity Castle,2025,20000000.0,733030221.0,36.65151105,correct,34.65151105
1317288,1,3,0.6124985814094543,0.53,1,Marty Supreme,2025,65000000.0,191303074.0,2.9431242153846155,correct,0.9431242153846155
1327862,1,4,0.8352929353713989,0.51,1,Regretting You,2025,30000000.0,90452948.0,3.0150982666666666,correct,1.0150982666666666
1352874,0,5,0.1183071583509445,0.57,0,The Crucifix: Blood of the Exorcist,2025,100000.0,82873.0,0.82873,correct,1.17127
1365302,1,5,0.0534006170928478,0.57,0,"Chavín de Huántar, el rescate del siglo",2025,2000000.0,5200000.0,2.6,false_negative,0.6000000000000001
1368166,1,4,0.941480278968811,0.51,1,The Housemaid,2025,35000000.0,399644671.0,11.418419171428573,correct,9.418419171428573
1408208,1,5,0.5134937167167664,0.57,0,Exit 8,2025,1400000.0,43892680.0,31.351914285714287,false_negative,29.351914285714287
